mtllib material.mtl
o Default
v -10 2 -1
v -10 3 -1
v -10 3 -2
v -10 2 -2
v -10 3 -2
v -10 4 -1
v -10 4 -2
v -10 3 -1
v -10 2 -2
v -10 3 -1
v -10 3 -2
v -10 2 -1
v -10 3 -1
v -10 4 -2
v -10 4 -1
v -10 3 -2
v -10 0 -4
v -10 1 -3
v -10 1 -4
v -10 0 -3
v -10 0 -4
v -9 3.9968028886505635e-15 -3
v -10 0 -3
v -9 3.9968028886505635e-15 -4
v -10 0 -5
v -9 3.9968028886505635e-15 -4
v -10 0 -4
v -9 3.9968028886505635e-15 -5
v -10 0 -3
v -9 3.9968028886505635e-15 -4
v -10 0 -4
v -9 3.9968028886505635e-15 -3
v -10 0 -5
v -10 1 -4
v -10 1 -5
v -10 0 -4
v -10 0 -4
v -10 1 -5
v -10 1 -4
v -10 0 -5
v -10 0 -3
v -10 1 -4
v -10 1 -3
v -10 0 -4
v -10 0 -4
v -9 3.9968028886505635e-15 -5
v -10 0 -5
v -9 3.9968028886505635e-15 -4
v -9 3.9968028886505635e-15 -2
v -8 3.9968028886505635e-15 -1
v -9 3.9968028886505635e-15 -1
v -8 3.9968028886505635e-15 -2
v -9 3.9968028886505635e-15 -3
v -8 3.9968028886505635e-15 -2
v -9 3.9968028886505635e-15 -2
v -8 3.9968028886505635e-15 -3
v -9 3.9968028886505635e-15 -2
v -8 3.9968028886505635e-15 -3
v -9 3.9968028886505635e-15 -3
v -8 3.9968028886505635e-15 -2
v -9 3.9968028886505635e-15 -1
v -8 3.9968028886505635e-15 -2
v -9 3.9968028886505635e-15 -2
v -8 3.9968028886505635e-15 -1
v -9 3.9968028886505635e-15 -5
v -8 3.9968028886505635e-15 -4
v -9 3.9968028886505635e-15 -4
v -8 3.9968028886505635e-15 -5
v -9 3.9968028886505635e-15 -4
v -8 3.9968028886505635e-15 -3
v -9 3.9968028886505635e-15 -3
v -8 3.9968028886505635e-15 -4
v -9 3.9968028886505635e-15 -3
v -8 3.9968028886505635e-15 -4
v -9 3.9968028886505635e-15 -4
v -8 3.9968028886505635e-15 -3
v -9 3.9968028886505635e-15 -4
v -8 3.9968028886505635e-15 -5
v -9 3.9968028886505635e-15 -5
v -8 3.9968028886505635e-15 -4
v -10 3 -2
v -10 4 -3
v -10 4 -2
v -10 3 -3
v -10 1 -2
v -10 2 -1
v -10 2 -2
v -10 1 -1
v -10 1 -3
v -10 2 -2
v -10 2 -3
v -10 1 -2
v -10 2 -3
v -10 3 -2
v -10 3 -3
v -10 2 -2
v -10 3 -3
v -10 4 -2
v -10 4 -3
v -10 3 -2
v -10 2 -2
v -10 3 -3
v -10 3 -2
v -10 2 -3
v -10 1 -1
v -10 2 -2
v -10 2 -1
v -10 1 -2
v -10 1 -2
v -10 2 -3
v -10 2 -2
v -10 1 -3
v -10 3 -3
v -10 4 -4
v -10 4 -3
v -10 3 -4
v -10 1 -4
v -10 2 -3
v -10 2 -4
v -10 1 -3
v -10 2 -4
v -10 3 -3
v -10 3 -4
v -10 2 -3
v -10 3 -4
v -10 4 -3
v -10 4 -4
v -10 3 -3
v -10 1 -3
v -10 2 -4
v -10 2 -3
v -10 1 -4
v -10 2 -3
v -10 3 -4
v -10 3 -3
v -10 2 -4
v -10 1 -5
v -10 2 -4
v -10 2 -5
v -10 1 -4
v -10 2 -5
v -10 3 -4
v -10 3 -5
v -10 2 -4
v -10 3 -5
v -10 4 -4
v -10 4 -5
v -10 3 -4
v -10 3 -4
v -10 4 -5
v -10 4 -4
v -10 3 -5
v -10 2 -4
v -10 3 -5
v -10 3 -4
v -10 2 -5
v -10 1 -4
v -10 2 -5
v -10 2 -4
v -10 1 -5
v -10 0 -3
v -10 1 -2
v -10 1 -3
v -10 0 -2
v -10 0 -2
v -10 1 -1
v -10 1 -2
v -10 0 -1
v -10 0 -2
v -10 1 -3
v -10 1 -2
v -10 0 -3
v -10 0 -1
v -10 1 -2
v -10 1 -1
v -10 0 -2
v -10 0 -3
v -9 3.9968028886505635e-15 -2
v -10 0 -2
v -9 3.9968028886505635e-15 -3
v -10 0 -2
v -9 3.9968028886505635e-15 -1
v -10 0 -1
v -9 3.9968028886505635e-15 -2
v -10 0 -1
v -9 3.9968028886505635e-15 -2
v -10 0 -2
v -9 3.9968028886505635e-15 -1
v -10 0 -2
v -9 3.9968028886505635e-15 -3
v -10 0 -3
v -9 3.9968028886505635e-15 -2
v -10 2 0
v -10 3 -1
v -10 3 0
v -10 2 -1
v -10 1 0
v -10 2 -1
v -10 2 0
v -10 1 -1
v -10 3 -1
v -10 4 0
v -10 4 -1
v -10 3 0
v -10 2 -1
v -10 3 0
v -10 3 -1
v -10 2 0
v -10 1 -1
v -10 2 0
v -10 2 -1
v -10 1 0
v -10 3 0
v -10 4 -1
v -10 4 0
v -10 3 -1
v -10 2 1
v -10 3 0
v -10 3 1
v -10 2 0
v -10 3 0
v -10 4 1
v -10 4 0
v -10 3 1
v -10 2 0
v -10 3 1
v -10 3 0
v -10 2 1
v -10 1 0
v -10 2 1
v -10 2 0
v -10 1 1
v -10 3 1
v -10 4 0
v -10 4 1
v -10 3 0
v -10 1 1
v -10 2 0
v -10 2 1
v -10 1 0
v -9 1.7763568394002505e-15 1
v -8 3.9968028886505635e-15 0
v -9 3.9968028886505635e-15 0
v -8 1.7763568394002505e-15 1
v -9 3.9968028886505635e-15 0
v -8 3.9968028886505635e-15 -1
v -9 3.9968028886505635e-15 -1
v -8 3.9968028886505635e-15 0
v -9 3.9968028886505635e-15 -1
v -8 3.9968028886505635e-15 0
v -9 3.9968028886505635e-15 0
v -8 3.9968028886505635e-15 -1
v -9 3.9968028886505635e-15 0
v -8 1.7763568394002505e-15 1
v -9 1.7763568394002505e-15 1
v -8 3.9968028886505635e-15 0
v -10 0 0
v -9 3.9968028886505635e-15 -1
v -10 0 -1
v -9 3.9968028886505635e-15 0
v -10 0 1
v -9 3.9968028886505635e-15 0
v -10 0 0
v -9 1.7763568394002505e-15 1
v -10 0 0
v -9 1.7763568394002505e-15 1
v -10 0 1
v -9 3.9968028886505635e-15 0
v -10 0 -1
v -9 3.9968028886505635e-15 0
v -10 0 0
v -9 3.9968028886505635e-15 -1
v -10 0 0
v -10 1 -1
v -10 1 0
v -10 0 -1
v -10 0 -1
v -10 1 0
v -10 1 -1
v -10 0 0
v -10 0 1
v -10 1 0
v -10 1 1
v -10 0 0
v -10 0 0
v -10 1 1
v -10 1 0
v -10 0 1
v -10 0 2
v -10 1 3
v -10 1 2
v -10 0 3
v -10 0 2
v -9 3.9968028886505635e-15 3
v -10 0 3
v -9 3.9968028886505635e-15 2
v -10 0 1
v -9 3.9968028886505635e-15 2
v -10 0 2
v -9 1.7763568394002505e-15 1
v -10 0 3
v -9 3.9968028886505635e-15 2
v -10 0 2
v -9 3.9968028886505635e-15 3
v -10 0 1
v -10 1 2
v -10 1 1
v -10 0 2
v -10 0 2
v -10 1 1
v -10 1 2
v -10 0 1
v -10 0 3
v -10 1 2
v -10 1 3
v -10 0 2
v -10 0 2
v -9 1.7763568394002505e-15 1
v -10 0 1
v -9 3.9968028886505635e-15 2
v -9 1.7763568394002505e-15 1
v -8 3.9968028886505635e-15 2
v -9 3.9968028886505635e-15 2
v -8 1.7763568394002505e-15 1
v -9 3.9968028886505635e-15 2
v -8 3.9968028886505635e-15 3
v -9 3.9968028886505635e-15 3
v -8 3.9968028886505635e-15 2
v -9 3.9968028886505635e-15 3
v -8 3.9968028886505635e-15 2
v -9 3.9968028886505635e-15 2
v -8 3.9968028886505635e-15 3
v -9 3.9968028886505635e-15 2
v -8 1.7763568394002505e-15 1
v -9 1.7763568394002505e-15 1
v -8 3.9968028886505635e-15 2
v -10 3 3
v -10 4 2
v -10 4 3
v -10 3 2
v -10 1 2
v -10 2 3
v -10 2 2
v -10 1 3
v -10 2 2
v -10 3 3
v -10 3 2
v -10 2 3
v -10 3 2
v -10 4 3
v -10 4 2
v -10 3 3
v -10 1 3
v -10 2 2
v -10 2 3
v -10 1 2
v -10 2 3
v -10 3 2
v -10 3 3
v -10 2 2
v -10 1 1
v -10 2 2
v -10 2 1
v -10 1 2
v -10 2 1
v -10 3 2
v -10 3 1
v -10 2 2
v -10 3 1
v -10 4 2
v -10 4 1
v -10 3 2
v -10 3 2
v -10 4 1
v -10 4 2
v -10 3 1
v -10 2 2
v -10 3 1
v -10 3 2
v -10 2 1
v -10 1 2
v -10 2 1
v -10 2 2
v -10 1 1
v -10 2 6
v -10 3 5
v -10 3 6
v -10 2 5
v -10 1 6
v -10 2 5
v -10 2 6
v -10 1 5
v -10 2 5
v -10 3 4
v -10 3 5
v -10 2 4
v -10 3 5
v -10 4 6
v -10 4 5
v -10 3 6
v -10 3 4
v -10 4 5
v -10 4 4
v -10 3 5
v -10 2 5
v -10 3 6
v -10 3 5
v -10 2 6
v -10 2 4
v -10 3 5
v -10 3 4
v -10 2 5
v -10 1 5
v -10 2 6
v -10 2 5
v -10 1 6
v -10 3 6
v -10 4 5
v -10 4 6
v -10 3 5
v -10 3 5
v -10 4 4
v -10 4 5
v -10 3 4
v -10 2 7
v -10 3 6
v -10 3 7
v -10 2 6
v -10 3 6
v -10 4 7
v -10 4 6
v -10 3 7
v -10 2 6
v -10 3 7
v -10 3 6
v -10 2 7
v -10 1 6
v -10 2 7
v -10 2 6
v -10 1 7
v -10 3 7
v -10 4 6
v -10 4 7
v -10 3 6
v -10 1 7
v -10 2 6
v -10 2 7
v -10 1 6
v -9 1.7763568394002505e-15 7
v -8 3.9968028886505635e-15 6
v -9 3.9968028886505635e-15 6
v -8 1.7763568394002505e-15 7
v -9 3.9968028886505635e-15 6
v -8 3.9968028886505635e-15 5
v -9 3.9968028886505635e-15 5
v -8 3.9968028886505635e-15 6
v -9 3.9968028886505635e-15 5
v -8 3.9968028886505635e-15 6
v -9 3.9968028886505635e-15 6
v -8 3.9968028886505635e-15 5
v -9 3.9968028886505635e-15 6
v -8 1.7763568394002505e-15 7
v -9 1.7763568394002505e-15 7
v -8 3.9968028886505635e-15 6
v -10 0 6
v -9 3.9968028886505635e-15 5
v -10 0 5
v -9 3.9968028886505635e-15 6
v -10 0 7
v -9 3.9968028886505635e-15 6
v -10 0 6
v -9 1.7763568394002505e-15 7
v -10 0 6
v -9 1.7763568394002505e-15 7
v -10 0 7
v -9 3.9968028886505635e-15 6
v -10 0 5
v -9 3.9968028886505635e-15 6
v -10 0 6
v -9 3.9968028886505635e-15 5
v -10 0 6
v -10 1 5
v -10 1 6
v -10 0 5
v -10 0 5
v -10 1 6
v -10 1 5
v -10 0 6
v -10 0 7
v -10 1 6
v -10 1 7
v -10 0 6
v -10 0 6
v -10 1 7
v -10 1 6
v -10 0 7
v -9 3.9968028886505635e-15 4
v -8 3.9968028886505635e-15 5
v -9 3.9968028886505635e-15 5
v -8 3.9968028886505635e-15 4
v -9 3.9968028886505635e-15 3
v -8 3.9968028886505635e-15 4
v -9 3.9968028886505635e-15 4
v -8 3.9968028886505635e-15 3
v -9 3.9968028886505635e-15 4
v -8 3.9968028886505635e-15 3
v -9 3.9968028886505635e-15 3
v -8 3.9968028886505635e-15 4
v -9 3.9968028886505635e-15 5
v -8 3.9968028886505635e-15 4
v -9 3.9968028886505635e-15 4
v -8 3.9968028886505635e-15 5
v -10 3 4
v -10 4 3
v -10 4 4
v -10 3 3
v -10 1 4
v -10 2 5
v -10 2 4
v -10 1 5
v -10 1 3
v -10 2 4
v -10 2 3
v -10 1 4
v -10 2 3
v -10 3 4
v -10 3 3
v -10 2 4
v -10 3 3
v -10 4 4
v -10 4 3
v -10 3 4
v -10 2 4
v -10 3 3
v -10 3 4
v -10 2 3
v -10 1 5
v -10 2 4
v -10 2 5
v -10 1 4
v -10 1 4
v -10 2 3
v -10 2 4
v -10 1 3
v -10 0 3
v -10 1 4
v -10 1 3
v -10 0 4
v -10 0 4
v -10 1 5
v -10 1 4
v -10 0 5
v -10 0 4
v -10 1 3
v -10 1 4
v -10 0 3
v -10 0 5
v -10 1 4
v -10 1 5
v -10 0 4
v -10 0 3
v -9 3.9968028886505635e-15 4
v -10 0 4
v -9 3.9968028886505635e-15 3
v -10 0 4
v -9 3.9968028886505635e-15 5
v -10 0 5
v -9 3.9968028886505635e-15 4
v -10 0 5
v -9 3.9968028886505635e-15 4
v -10 0 4
v -9 3.9968028886505635e-15 5
v -10 0 4
v -9 3.9968028886505635e-15 3
v -10 0 3
v -9 3.9968028886505635e-15 4
v -10 2 11
v -10 3 10
v -10 3 11
v -10 2 10
v -10 3 10
v -10 4 11
v -10 4 10
v -10 3 11
v -10 2 10
v -10 3 11
v -10 3 10
v -10 2 11
v -10 3 11
v -10 4 10
v -10 4 11
v -10 3 10
v -10 0 8
v -10 1 9
v -10 1 8
v -10 0 9
v -10 0 8
v -9 3.9968028886505635e-15 9
v -10 0 9
v -9 3.9968028886505635e-15 8
v -10 0 7
v -9 3.9968028886505635e-15 8
v -10 0 8
v -9 1.7763568394002505e-15 7
v -10 0 9
v -9 3.9968028886505635e-15 8
v -10 0 8
v -9 3.9968028886505635e-15 9
v -10 0 7
v -10 1 8
v -10 1 7
v -10 0 8
v -10 0 8
v -10 1 7
v -10 1 8
v -10 0 7
v -10 0 9
v -10 1 8
v -10 1 9
v -10 0 8
v -10 0 8
v -9 1.7763568394002505e-15 7
v -10 0 7
v -9 3.9968028886505635e-15 8
v -9 3.9968028886505635e-15 10
v -8 3.9968028886505635e-15 11
v -9 3.9968028886505635e-15 11
v -8 3.9968028886505635e-15 10
v -9 3.9968028886505635e-15 9
v -8 3.9968028886505635e-15 10
v -9 3.9968028886505635e-15 10
v -8 3.9968028886505635e-15 9
v -9 3.9968028886505635e-15 10
v -8 3.9968028886505635e-15 9
v -9 3.9968028886505635e-15 9
v -8 3.9968028886505635e-15 10
v -9 3.9968028886505635e-15 11
v -8 3.9968028886505635e-15 10
v -9 3.9968028886505635e-15 10
v -8 3.9968028886505635e-15 11
v -9 1.7763568394002505e-15 7
v -8 3.9968028886505635e-15 8
v -9 3.9968028886505635e-15 8
v -8 1.7763568394002505e-15 7
v -9 3.9968028886505635e-15 8
v -8 3.9968028886505635e-15 9
v -9 3.9968028886505635e-15 9
v -8 3.9968028886505635e-15 8
v -9 3.9968028886505635e-15 9
v -8 3.9968028886505635e-15 8
v -9 3.9968028886505635e-15 8
v -8 3.9968028886505635e-15 9
v -9 3.9968028886505635e-15 8
v -8 1.7763568394002505e-15 7
v -9 1.7763568394002505e-15 7
v -8 3.9968028886505635e-15 8
v -10 3 10
v -10 4 9
v -10 4 10
v -10 3 9
v -10 1 10
v -10 2 11
v -10 2 10
v -10 1 11
v -10 1 9
v -10 2 10
v -10 2 9
v -10 1 10
v -10 2 9
v -10 3 10
v -10 3 9
v -10 2 10
v -10 3 9
v -10 4 10
v -10 4 9
v -10 3 10
v -10 2 10
v -10 3 9
v -10 3 10
v -10 2 9
v -10 1 11
v -10 2 10
v -10 2 11
v -10 1 10
v -10 1 10
v -10 2 9
v -10 2 10
v -10 1 9
v -10 3 9
v -10 4 8
v -10 4 9
v -10 3 8
v -10 1 8
v -10 2 9
v -10 2 8
v -10 1 9
v -10 2 8
v -10 3 9
v -10 3 8
v -10 2 9
v -10 3 8
v -10 4 9
v -10 4 8
v -10 3 9
v -10 1 9
v -10 2 8
v -10 2 9
v -10 1 8
v -10 2 9
v -10 3 8
v -10 3 9
v -10 2 8
v -10 1 7
v -10 2 8
v -10 2 7
v -10 1 8
v -10 2 7
v -10 3 8
v -10 3 7
v -10 2 8
v -10 3 7
v -10 4 8
v -10 4 7
v -10 3 8
v -10 3 8
v -10 4 7
v -10 4 8
v -10 3 7
v -10 2 8
v -10 3 7
v -10 3 8
v -10 2 7
v -10 1 8
v -10 2 7
v -10 2 8
v -10 1 7
v -10 0 9
v -10 1 10
v -10 1 9
v -10 0 10
v -10 0 10
v -10 1 11
v -10 1 10
v -10 0 11
v -10 0 10
v -10 1 9
v -10 1 10
v -10 0 9
v -10 0 11
v -10 1 10
v -10 1 11
v -10 0 10
v -10 0 9
v -9 3.9968028886505635e-15 10
v -10 0 10
v -9 3.9968028886505635e-15 9
v -10 0 10
v -9 3.9968028886505635e-15 11
v -10 0 11
v -9 3.9968028886505635e-15 10
v -10 0 11
v -9 3.9968028886505635e-15 10
v -10 0 10
v -9 3.9968028886505635e-15 11
v -10 0 10
v -9 3.9968028886505635e-15 9
v -10 0 9
v -9 3.9968028886505635e-15 10
v -10 2 12
v -10 3 11
v -10 3 12
v -10 2 11
v -10 1 12
v -10 2 11
v -10 2 12
v -10 1 11
v -10 3 11
v -10 4 12
v -10 4 11
v -10 3 12
v -10 2 11
v -10 3 12
v -10 3 11
v -10 2 12
v -10 1 11
v -10 2 12
v -10 2 11
v -10 1 12
v -10 3 12
v -10 4 11
v -10 4 12
v -10 3 11
v -10 2 13
v -10 3 12
v -10 3 13
v -10 2 12
v -10 3 12
v -10 4 13
v -10 4 12
v -10 3 13
v -10 2 12
v -10 3 13
v -10 3 12
v -10 2 13
v -10 1 12
v -10 2 13
v -10 2 12
v -10 1 13
v -10 3 13
v -10 4 12
v -10 4 13
v -10 3 12
v -10 1 13
v -10 2 12
v -10 2 13
v -10 1 12
v -9 1.7763568394002505e-15 13
v -8 3.9968028886505635e-15 12
v -9 3.9968028886505635e-15 12
v -8 1.7763568394002505e-15 13
v -9 3.9968028886505635e-15 12
v -8 3.9968028886505635e-15 11
v -9 3.9968028886505635e-15 11
v -8 3.9968028886505635e-15 12
v -9 3.9968028886505635e-15 11
v -8 3.9968028886505635e-15 12
v -9 3.9968028886505635e-15 12
v -8 3.9968028886505635e-15 11
v -9 3.9968028886505635e-15 12
v -8 1.7763568394002505e-15 13
v -9 1.7763568394002505e-15 13
v -8 3.9968028886505635e-15 12
v -10 0 12
v -9 3.9968028886505635e-15 11
v -10 0 11
v -9 3.9968028886505635e-15 12
v -10 0 13
v -9 3.9968028886505635e-15 12
v -10 0 12
v -9 1.7763568394002505e-15 13
v -10 0 12
v -9 1.7763568394002505e-15 13
v -10 0 13
v -9 3.9968028886505635e-15 12
v -10 0 11
v -9 3.9968028886505635e-15 12
v -10 0 12
v -9 3.9968028886505635e-15 11
v -10 0 12
v -10 1 11
v -10 1 12
v -10 0 11
v -10 0 11
v -10 1 12
v -10 1 11
v -10 0 12
v -10 0 13
v -10 1 12
v -10 1 13
v -10 0 12
v -10 0 12
v -10 1 13
v -10 1 12
v -10 0 13
v -10 0 14
v -10 1 15
v -10 1 14
v -10 0 15
v -10 0 14
v -9 3.9968028886505635e-15 15
v -10 0 15
v -9 3.9968028886505635e-15 14
v -10 0 13
v -9 3.9968028886505635e-15 14
v -10 0 14
v -9 1.7763568394002505e-15 13
v -10 0 15
v -9 3.9968028886505635e-15 14
v -10 0 14
v -9 3.9968028886505635e-15 15
v -10 0 13
v -10 1 14
v -10 1 13
v -10 0 14
v -10 0 14
v -10 1 13
v -10 1 14
v -10 0 13
v -10 0 15
v -10 1 14
v -10 1 15
v -10 0 14
v -10 0 14
v -9 1.7763568394002505e-15 13
v -10 0 13
v -9 3.9968028886505635e-15 14
v -9 1.7763568394002505e-15 13
v -8 3.9968028886505635e-15 14
v -9 3.9968028886505635e-15 14
v -8 1.7763568394002505e-15 13
v -9 3.9968028886505635e-15 14
v -8 3.9968028886505635e-15 15
v -9 3.9968028886505635e-15 15
v -8 3.9968028886505635e-15 14
v -9 3.9968028886505635e-15 15
v -8 3.9968028886505635e-15 14
v -9 3.9968028886505635e-15 14
v -8 3.9968028886505635e-15 15
v -9 3.9968028886505635e-15 14
v -8 1.7763568394002505e-15 13
v -9 1.7763568394002505e-15 13
v -8 3.9968028886505635e-15 14
v -10 3 15
v -10 4 14
v -10 4 15
v -10 3 14
v -10 1 14
v -10 2 15
v -10 2 14
v -10 1 15
v -10 2 14
v -10 3 15
v -10 3 14
v -10 2 15
v -10 3 14
v -10 4 15
v -10 4 14
v -10 3 15
v -10 1 15
v -10 2 14
v -10 2 15
v -10 1 14
v -10 2 15
v -10 3 14
v -10 3 15
v -10 2 14
v -10 1 13
v -10 2 14
v -10 2 13
v -10 1 14
v -10 2 13
v -10 3 14
v -10 3 13
v -10 2 14
v -10 3 13
v -10 4 14
v -10 4 13
v -10 3 14
v -10 3 14
v -10 4 13
v -10 4 14
v -10 3 13
v -10 2 14
v -10 3 13
v -10 3 14
v -10 2 13
v -10 1 14
v -10 2 13
v -10 2 14
v -10 1 13
v -10 2 18
v -10 3 17
v -10 3 18
v -10 2 17
v -10 1 18
v -10 2 17
v -10 2 18
v -10 1 17
v -10 2 17
v -10 3 16
v -10 3 17
v -10 2 16
v -10 3 17
v -10 4 18
v -10 4 17
v -10 3 18
v -10 3 16
v -10 4 17
v -10 4 16
v -10 3 17
v -10 2 17
v -10 3 18
v -10 3 17
v -10 2 18
v -10 2 16
v -10 3 17
v -10 3 16
v -10 2 17
v -10 1 17
v -10 2 18
v -10 2 17
v -10 1 18
v -10 3 18
v -10 4 17
v -10 4 18
v -10 3 17
v -10 3 17
v -10 4 16
v -10 4 17
v -10 3 16
v -10 2 19
v -10 3 18
v -10 3 19
v -10 2 18
v -10 3 18
v -10 4 19
v -10 4 18
v -10 3 19
v -10 2 18
v -10 3 19
v -10 3 18
v -10 2 19
v -10 1 18
v -10 2 19
v -10 2 18
v -10 1 19
v -10 3 19
v -10 4 18
v -10 4 19
v -10 3 18
v -10 1 19
v -10 2 18
v -10 2 19
v -10 1 18
v -9 1.7763568394002505e-15 19
v -8 3.9968028886505635e-15 18
v -9 3.9968028886505635e-15 18
v -8 1.7763568394002505e-15 19
v -9 3.9968028886505635e-15 18
v -8 3.9968028886505635e-15 17
v -9 3.9968028886505635e-15 17
v -8 3.9968028886505635e-15 18
v -9 3.9968028886505635e-15 17
v -8 3.9968028886505635e-15 18
v -9 3.9968028886505635e-15 18
v -8 3.9968028886505635e-15 17
v -9 3.9968028886505635e-15 18
v -8 1.7763568394002505e-15 19
v -9 1.7763568394002505e-15 19
v -8 3.9968028886505635e-15 18
v -10 0 18
v -9 3.9968028886505635e-15 17
v -10 0 17
v -9 3.9968028886505635e-15 18
v -10 0 19
v -9 3.9968028886505635e-15 18
v -10 0 18
v -9 1.7763568394002505e-15 19
v -10 0 18
v -9 1.7763568394002505e-15 19
v -10 0 19
v -9 3.9968028886505635e-15 18
v -10 0 17
v -9 3.9968028886505635e-15 18
v -10 0 18
v -9 3.9968028886505635e-15 17
v -10 0 18
v -10 1 17
v -10 1 18
v -10 0 17
v -10 0 17
v -10 1 18
v -10 1 17
v -10 0 18
v -10 0 19
v -10 1 18
v -10 1 19
v -10 0 18
v -10 0 18
v -10 1 19
v -10 1 18
v -10 0 19
v -9 3.9968028886505635e-15 16
v -8 3.9968028886505635e-15 17
v -9 3.9968028886505635e-15 17
v -8 3.9968028886505635e-15 16
v -9 3.9968028886505635e-15 15
v -8 3.9968028886505635e-15 16
v -9 3.9968028886505635e-15 16
v -8 3.9968028886505635e-15 15
v -9 3.9968028886505635e-15 16
v -8 3.9968028886505635e-15 15
v -9 3.9968028886505635e-15 15
v -8 3.9968028886505635e-15 16
v -9 3.9968028886505635e-15 17
v -8 3.9968028886505635e-15 16
v -9 3.9968028886505635e-15 16
v -8 3.9968028886505635e-15 17
v -10 3 16
v -10 4 15
v -10 4 16
v -10 3 15
v -10 1 16
v -10 2 17
v -10 2 16
v -10 1 17
v -10 1 15
v -10 2 16
v -10 2 15
v -10 1 16
v -10 2 15
v -10 3 16
v -10 3 15
v -10 2 16
v -10 3 15
v -10 4 16
v -10 4 15
v -10 3 16
v -10 2 16
v -10 3 15
v -10 3 16
v -10 2 15
v -10 1 17
v -10 2 16
v -10 2 17
v -10 1 16
v -10 1 16
v -10 2 15
v -10 2 16
v -10 1 15
v -10 0 15
v -10 1 16
v -10 1 15
v -10 0 16
v -10 0 16
v -10 1 17
v -10 1 16
v -10 0 17
v -10 0 16
v -10 1 15
v -10 1 16
v -10 0 15
v -10 0 17
v -10 1 16
v -10 1 17
v -10 0 16
v -10 0 15
v -9 3.9968028886505635e-15 16
v -10 0 16
v -9 3.9968028886505635e-15 15
v -10 0 16
v -9 3.9968028886505635e-15 17
v -10 0 17
v -9 3.9968028886505635e-15 16
v -10 0 17
v -9 3.9968028886505635e-15 16
v -10 0 16
v -9 3.9968028886505635e-15 17
v -10 0 16
v -9 3.9968028886505635e-15 15
v -10 0 15
v -9 3.9968028886505635e-15 16
v -9 4 -1
v -10 4 -2
v -10 4 -1
v -9 4 -2
v -10 4 -1
v -9 4 -2
v -9 4 -1
v -10 4 -2
v -9 4 -1
v -8 4 -2
v -8 4 -1
v -9 4 -2
v -8 4 -1
v -9 4 -2
v -9 4 -1
v -8 4 -2
v -8 4 -2
v -9 4 -3
v -9 4 -2
v -8 4 -3
v -9 4 -2
v -8 4 -3
v -8 4 -2
v -9 4 -3
v -9 4 -4
v -8 4 -5
v -8 4 -4
v -9 4 -5
v -8 4 -4
v -9 4 -5
v -9 4 -4
v -8 4 -5
v -9 4 -3
v -8 4 -4
v -8 4 -3
v -9 4 -4
v -8 4 -3
v -9 4 -4
v -9 4 -3
v -8 4 -4
v -9 4 -2
v -10 4 -3
v -10 4 -2
v -9 4 -3
v -10 4 -2
v -9 4 -3
v -9 4 -2
v -10 4 -3
v -10 4 -4
v -9 4 -5
v -9 4 -4
v -10 4 -5
v -9 4 -4
v -10 4 -5
v -10 4 -4
v -9 4 -5
v -10 4 -3
v -9 4 -4
v -9 4 -3
v -10 4 -4
v -9 4 -3
v -10 4 -4
v -10 4 -3
v -9 4 -4
v -9 4 1
v -10 4 0
v -10 4 1
v -9 4 0
v -9 4 0
v -10 4 -1
v -10 4 0
v -9 4 -1
v -10 4 1
v -9 4 0
v -9 4 1
v -10 4 0
v -10 4 0
v -9 4 -1
v -9 4 0
v -10 4 -1
v -9 4 0
v -8 4 -1
v -8 4 0
v -9 4 -1
v -8 4 0
v -9 4 -1
v -9 4 0
v -8 4 -1
v -9 4 1
v -8 4 0
v -8 4 1
v -9 4 0
v -8 4 1
v -9 4 0
v -9 4 1
v -8 4 0
v -9 4 2
v -8 4 1
v -8 4 2
v -9 4 1
v -8 4 2
v -9 4 1
v -9 4 2
v -8 4 1
v -9 4 3
v -8 4 2
v -8 4 3
v -9 4 2
v -8 4 3
v -9 4 2
v -9 4 3
v -8 4 2
v -10 4 2
v -9 4 1
v -9 4 2
v -10 4 1
v -9 4 2
v -10 4 1
v -10 4 2
v -9 4 1
v -10 4 3
v -9 4 2
v -9 4 3
v -10 4 2
v -9 4 3
v -10 4 2
v -10 4 3
v -9 4 2
v -9 4 5
v -10 4 4
v -10 4 5
v -9 4 4
v -9 4 7
v -10 4 6
v -10 4 7
v -9 4 6
v -9 4 6
v -10 4 5
v -10 4 6
v -9 4 5
v -10 4 7
v -9 4 6
v -9 4 7
v -10 4 6
v -10 4 6
v -9 4 5
v -9 4 6
v -10 4 5
v -10 4 5
v -9 4 4
v -9 4 5
v -10 4 4
v -9 4 6
v -8 4 5
v -8 4 6
v -9 4 5
v -9 4 5
v -8 4 4
v -8 4 5
v -9 4 4
v -8 4 6
v -9 4 5
v -9 4 6
v -8 4 5
v -8 4 5
v -9 4 4
v -9 4 5
v -8 4 4
v -9 4 7
v -8 4 6
v -8 4 7
v -9 4 6
v -8 4 7
v -9 4 6
v -9 4 7
v -8 4 6
v -8 4 4
v -9 4 3
v -9 4 4
v -8 4 3
v -9 4 4
v -8 4 3
v -8 4 4
v -9 4 3
v -9 4 4
v -10 4 3
v -10 4 4
v -9 4 3
v -10 4 4
v -9 4 3
v -9 4 4
v -10 4 3
v -9 4 11
v -10 4 10
v -10 4 11
v -9 4 10
v -10 4 11
v -9 4 10
v -9 4 11
v -10 4 10
v -9 4 11
v -8 4 10
v -8 4 11
v -9 4 10
v -8 4 11
v -9 4 10
v -9 4 11
v -8 4 10
v -8 4 10
v -9 4 9
v -9 4 10
v -8 4 9
v -9 4 10
v -8 4 9
v -8 4 10
v -9 4 9
v -9 4 8
v -8 4 7
v -8 4 8
v -9 4 7
v -8 4 8
v -9 4 7
v -9 4 8
v -8 4 7
v -9 4 9
v -8 4 8
v -8 4 9
v -9 4 8
v -8 4 9
v -9 4 8
v -9 4 9
v -8 4 8
v -9 4 10
v -10 4 9
v -10 4 10
v -9 4 9
v -10 4 10
v -9 4 9
v -9 4 10
v -10 4 9
v -10 4 8
v -9 4 7
v -9 4 8
v -10 4 7
v -9 4 8
v -10 4 7
v -10 4 8
v -9 4 7
v -10 4 9
v -9 4 8
v -9 4 9
v -10 4 8
v -9 4 9
v -10 4 8
v -10 4 9
v -9 4 8
v -9 4 13
v -10 4 12
v -10 4 13
v -9 4 12
v -9 4 12
v -10 4 11
v -10 4 12
v -9 4 11
v -10 4 13
v -9 4 12
v -9 4 13
v -10 4 12
v -10 4 12
v -9 4 11
v -9 4 12
v -10 4 11
v -9 4 12
v -8 4 11
v -8 4 12
v -9 4 11
v -8 4 12
v -9 4 11
v -9 4 12
v -8 4 11
v -9 4 13
v -8 4 12
v -8 4 13
v -9 4 12
v -8 4 13
v -9 4 12
v -9 4 13
v -8 4 12
v -9 4 14
v -8 4 13
v -8 4 14
v -9 4 13
v -8 4 14
v -9 4 13
v -9 4 14
v -8 4 13
v -9 4 15
v -8 4 14
v -8 4 15
v -9 4 14
v -8 4 15
v -9 4 14
v -9 4 15
v -8 4 14
v -10 4 14
v -9 4 13
v -9 4 14
v -10 4 13
v -9 4 14
v -10 4 13
v -10 4 14
v -9 4 13
v -10 4 15
v -9 4 14
v -9 4 15
v -10 4 14
v -9 4 15
v -10 4 14
v -10 4 15
v -9 4 14
v -9 4 17
v -10 4 16
v -10 4 17
v -9 4 16
v -9 4 19
v -10 4 18
v -10 4 19
v -9 4 18
v -9 4 18
v -10 4 17
v -10 4 18
v -9 4 17
v -10 4 19
v -9 4 18
v -9 4 19
v -10 4 18
v -10 4 18
v -9 4 17
v -9 4 18
v -10 4 17
v -10 4 17
v -9 4 16
v -9 4 17
v -10 4 16
v -9 4 18
v -8 4 17
v -8 4 18
v -9 4 17
v -9 4 17
v -8 4 16
v -8 4 17
v -9 4 16
v -8 4 18
v -9 4 17
v -9 4 18
v -8 4 17
v -8 4 17
v -9 4 16
v -9 4 17
v -8 4 16
v -9 4 19
v -8 4 18
v -8 4 19
v -9 4 18
v -8 4 19
v -9 4 18
v -9 4 19
v -8 4 18
v -8 4 16
v -9 4 15
v -9 4 16
v -8 4 15
v -9 4 16
v -8 4 15
v -8 4 16
v -9 4 15
v -9 4 16
v -10 4 15
v -10 4 16
v -9 4 15
v -10 4 16
v -9 4 15
v -9 4 16
v -10 4 15
v -4 3 -2
v -4 4 -1
v -4 4 -2
v -4 3 -1
v -4 3 -1
v -4 4 -2
v -4 4 -1
v -4 3 -2
v -4 3 -5
v -4 4 -4
v -4 4 -5
v -4 3 -4
v -4 3 -4
v -4 4 -5
v -4 4 -4
v -4 3 -5
v -4 3 -2
v -4 4 -3
v -4 4 -2
v -4 3 -3
v -4 1 -2
v -4 2 -1
v -4 2 -2
v -4 1 -1
v -4 1 -3
v -4 2 -2
v -4 2 -3
v -4 1 -2
v -4 2 -3
v -4 3 -2
v -4 3 -3
v -4 2 -2
v -4 2 -2
v -4 3 -1
v -4 3 -2
v -4 2 -1
v -4 3 -3
v -4 4 -2
v -4 4 -3
v -4 3 -2
v -4 2 -1
v -4 3 -2
v -4 3 -1
v -4 2 -2
v -4 2 -2
v -4 3 -3
v -4 3 -2
v -4 2 -3
v -4 1 -1
v -4 2 -2
v -4 2 -1
v -4 1 -2
v -4 1 -2
v -4 2 -3
v -4 2 -2
v -4 1 -3
v -4 3 -3
v -4 4 -4
v -4 4 -3
v -4 3 -4
v -4 1 -4
v -4 2 -3
v -4 2 -4
v -4 1 -3
v -4 2 -4
v -4 3 -3
v -4 3 -4
v -4 2 -3
v -4 3 -4
v -4 4 -3
v -4 4 -4
v -4 3 -3
v -4 1 -3
v -4 2 -4
v -4 2 -3
v -4 1 -4
v -4 2 -3
v -4 3 -4
v -4 3 -3
v -4 2 -4
v -4 1 -5
v -4 2 -4
v -4 2 -5
v -4 1 -4
v -4 2 -5
v -4 3 -4
v -4 3 -5
v -4 2 -4
v -4 2 -4
v -4 3 -5
v -4 3 -4
v -4 2 -5
v -4 1 -4
v -4 2 -5
v -4 2 -4
v -4 1 -5
v -4 0 -3
v -4 1 -2
v -4 1 -3
v -4 0 -2
v -4 0 -2
v -4 1 -1
v -4 1 -2
v -4 0 -1
v -4 0 -2
v -4 1 -3
v -4 1 -2
v -4 0 -3
v -4 0 -1
v -4 1 -2
v -4 1 -1
v -4 0 -2
v -5 3.9968028886505635e-15 -2
v -4 0 -1
v -5 3.9968028886505635e-15 -1
v -4 0 -2
v -5 3.9968028886505635e-15 -3
v -4 0 -2
v -5 3.9968028886505635e-15 -2
v -4 0 -3
v -5 3.9968028886505635e-15 -2
v -4 0 -3
v -5 3.9968028886505635e-15 -3
v -4 0 -2
v -5 3.9968028886505635e-15 -1
v -4 0 -2
v -5 3.9968028886505635e-15 -2
v -4 0 -1
v -4 0 -3
v -4 1 -4
v -4 1 -3
v -4 0 -4
v -4 0 -4
v -4 1 -3
v -4 1 -4
v -4 0 -3
v -4 0 -4
v -4 1 -5
v -4 1 -4
v -4 0 -5
v -4 0 -5
v -4 1 -4
v -4 1 -5
v -4 0 -4
v -5 3.9968028886505635e-15 -4
v -4 0 -3
v -5 3.9968028886505635e-15 -3
v -4 0 -4
v -5 3.9968028886505635e-15 -5
v -4 0 -4
v -5 3.9968028886505635e-15 -4
v -4 0 -5
v -5 3.9968028886505635e-15 -4
v -4 0 -5
v -5 3.9968028886505635e-15 -5
v -4 0 -4
v -5 3.9968028886505635e-15 -3
v -4 0 -4
v -5 3.9968028886505635e-15 -4
v -4 0 -3
v -6 3.9968028886505635e-15 -2
v -5 3.9968028886505635e-15 -1
v -6 3.9968028886505635e-15 -1
v -5 3.9968028886505635e-15 -2
v -6 3.9968028886505635e-15 -3
v -5 3.9968028886505635e-15 -2
v -6 3.9968028886505635e-15 -2
v -5 3.9968028886505635e-15 -3
v -6 3.9968028886505635e-15 -1
v -5 3.9968028886505635e-15 -2
v -6 3.9968028886505635e-15 -2
v -5 3.9968028886505635e-15 -1
v -6 3.9968028886505635e-15 -2
v -5 3.9968028886505635e-15 -3
v -6 3.9968028886505635e-15 -3
v -5 3.9968028886505635e-15 -2
v -6 3.9968028886505635e-15 -4
v -5 3.9968028886505635e-15 -3
v -6 3.9968028886505635e-15 -3
v -5 3.9968028886505635e-15 -4
v -6 3.9968028886505635e-15 -5
v -5 3.9968028886505635e-15 -4
v -6 3.9968028886505635e-15 -4
v -5 3.9968028886505635e-15 -5
v -6 3.9968028886505635e-15 -4
v -5 3.9968028886505635e-15 -5
v -6 3.9968028886505635e-15 -5
v -5 3.9968028886505635e-15 -4
v -6 3.9968028886505635e-15 -3
v -5 3.9968028886505635e-15 -4
v -6 3.9968028886505635e-15 -4
v -5 3.9968028886505635e-15 -3
v -7 3.9968028886505635e-15 -3
v -6 3.9968028886505635e-15 -2
v -7 3.9968028886505635e-15 -2
v -6 3.9968028886505635e-15 -3
v -8 3.9968028886505635e-15 -3
v -7 3.9968028886505635e-15 -2
v -8 3.9968028886505635e-15 -2
v -7 3.9968028886505635e-15 -3
v -8 3.9968028886505635e-15 -2
v -7 3.9968028886505635e-15 -1
v -8 3.9968028886505635e-15 -1
v -7 3.9968028886505635e-15 -2
v -7 3.9968028886505635e-15 -2
v -6 3.9968028886505635e-15 -1
v -7 3.9968028886505635e-15 -1
v -6 3.9968028886505635e-15 -2
v -7 3.9968028886505635e-15 -1
v -6 3.9968028886505635e-15 -2
v -7 3.9968028886505635e-15 -2
v -6 3.9968028886505635e-15 -1
v -7 3.9968028886505635e-15 -2
v -6 3.9968028886505635e-15 -3
v -7 3.9968028886505635e-15 -3
v -6 3.9968028886505635e-15 -2
v -8 3.9968028886505635e-15 -2
v -7 3.9968028886505635e-15 -3
v -8 3.9968028886505635e-15 -3
v -7 3.9968028886505635e-15 -2
v -8 3.9968028886505635e-15 -1
v -7 3.9968028886505635e-15 -2
v -8 3.9968028886505635e-15 -2
v -7 3.9968028886505635e-15 -1
v -7 3.9968028886505635e-15 -5
v -6 3.9968028886505635e-15 -4
v -7 3.9968028886505635e-15 -4
v -6 3.9968028886505635e-15 -5
v -8 3.9968028886505635e-15 -5
v -7 3.9968028886505635e-15 -4
v -8 3.9968028886505635e-15 -4
v -7 3.9968028886505635e-15 -5
v -8 3.9968028886505635e-15 -4
v -7 3.9968028886505635e-15 -3
v -8 3.9968028886505635e-15 -3
v -7 3.9968028886505635e-15 -4
v -7 3.9968028886505635e-15 -4
v -6 3.9968028886505635e-15 -3
v -7 3.9968028886505635e-15 -3
v -6 3.9968028886505635e-15 -4
v -7 3.9968028886505635e-15 -3
v -6 3.9968028886505635e-15 -4
v -7 3.9968028886505635e-15 -4
v -6 3.9968028886505635e-15 -3
v -7 3.9968028886505635e-15 -4
v -6 3.9968028886505635e-15 -5
v -7 3.9968028886505635e-15 -5
v -6 3.9968028886505635e-15 -4
v -8 3.9968028886505635e-15 -3
v -7 3.9968028886505635e-15 -4
v -8 3.9968028886505635e-15 -4
v -7 3.9968028886505635e-15 -3
v -8 3.9968028886505635e-15 -4
v -7 3.9968028886505635e-15 -5
v -8 3.9968028886505635e-15 -5
v -7 3.9968028886505635e-15 -4
v -6 1.7763568394002505e-15 1
v -5 3.9968028886505635e-15 0
v -6 3.9968028886505635e-15 0
v -5 0 1
v -6 3.9968028886505635e-15 0
v -5 3.9968028886505635e-15 -1
v -6 3.9968028886505635e-15 -1
v -5 3.9968028886505635e-15 0
v -6 3.9968028886505635e-15 0
v -5 0 1
v -6 1.7763568394002505e-15 1
v -5 3.9968028886505635e-15 0
v -6 3.9968028886505635e-15 -1
v -5 3.9968028886505635e-15 0
v -6 3.9968028886505635e-15 0
v -5 3.9968028886505635e-15 -1
v -5 0 1
v -4 0 0
v -5 3.9968028886505635e-15 0
v -4 0 1
v -5 3.9968028886505635e-15 0
v -4 0 -1
v -5 3.9968028886505635e-15 -1
v -4 0 0
v -4 0 0
v -4 1 1
v -4 1 0
v -4 0 1
v -4 0 1
v -4 1 0
v -4 1 1
v -4 0 0
v -5 3.9968028886505635e-15 -1
v -4 0 0
v -5 3.9968028886505635e-15 0
v -4 0 -1
v -5 3.9968028886505635e-15 0
v -4 0 1
v -5 0 1
v -4 0 0
v -4 0 0
v -4 1 -1
v -4 1 0
v -4 0 -1
v -4 0 -1
v -4 1 0
v -4 1 -1
v -4 0 0
v -4 3 1
v -4 4 0
v -4 4 1
v -4 3 0
v -4 1 0
v -4 2 1
v -4 2 0
v -4 1 1
v -4 2 0
v -4 3 1
v -4 3 0
v -4 2 1
v -4 3 0
v -4 4 1
v -4 4 0
v -4 3 1
v -4 1 1
v -4 2 0
v -4 2 1
v -4 1 0
v -4 2 1
v -4 3 0
v -4 3 1
v -4 2 0
v -4 2 0
v -4 3 -1
v -4 3 0
v -4 2 -1
v -4 1 0
v -4 2 -1
v -4 2 0
v -4 1 -1
v -4 3 -1
v -4 4 0
v -4 4 -1
v -4 3 0
v -4 2 -1
v -4 3 0
v -4 3 -1
v -4 2 0
v -4 1 -1
v -4 2 0
v -4 2 -1
v -4 1 0
v -4 3 0
v -4 4 -1
v -4 4 0
v -4 3 -1
v -7 1.7763568394002505e-15 1
v -6 3.9968028886505635e-15 0
v -7 3.9968028886505635e-15 0
v -6 1.7763568394002505e-15 1
v -8 1.7763568394002505e-15 1
v -7 3.9968028886505635e-15 0
v -8 3.9968028886505635e-15 0
v -7 1.7763568394002505e-15 1
v -8 3.9968028886505635e-15 0
v -7 3.9968028886505635e-15 -1
v -8 3.9968028886505635e-15 -1
v -7 3.9968028886505635e-15 0
v -7 3.9968028886505635e-15 0
v -6 3.9968028886505635e-15 -1
v -7 3.9968028886505635e-15 -1
v -6 3.9968028886505635e-15 0
v -8 3.9968028886505635e-15 -1
v -7 3.9968028886505635e-15 0
v -8 3.9968028886505635e-15 0
v -7 3.9968028886505635e-15 -1
v -7 3.9968028886505635e-15 -1
v -6 3.9968028886505635e-15 0
v -7 3.9968028886505635e-15 0
v -6 3.9968028886505635e-15 -1
v -7 3.9968028886505635e-15 0
v -6 1.7763568394002505e-15 1
v -7 1.7763568394002505e-15 1
v -6 3.9968028886505635e-15 0
v -8 3.9968028886505635e-15 0
v -7 1.7763568394002505e-15 1
v -8 1.7763568394002505e-15 1
v -7 3.9968028886505635e-15 0
v -4 3 1
v -4 4 2
v -4 4 1
v -4 3 2
v -4 3 2
v -4 4 1
v -4 4 2
v -4 3 1
v -4 3 3
v -4 4 2
v -4 4 3
v -4 3 2
v -4 1 2
v -4 2 3
v -4 2 2
v -4 1 3
v -4 2 2
v -4 3 3
v -4 3 2
v -4 2 3
v -4 3 2
v -4 4 3
v -4 4 2
v -4 3 3
v -4 1 3
v -4 2 2
v -4 2 3
v -4 1 2
v -4 2 3
v -4 3 2
v -4 3 3
v -4 2 2
v -4 1 1
v -4 2 2
v -4 2 1
v -4 1 2
v -4 2 1
v -4 3 2
v -4 3 1
v -4 2 2
v -4 2 2
v -4 3 1
v -4 3 2
v -4 2 1
v -4 1 2
v -4 2 1
v -4 2 2
v -4 1 1
v -4 0 3
v -4 1 2
v -4 1 3
v -4 0 2
v -4 0 2
v -4 1 3
v -4 1 2
v -4 0 3
v -4 0 2
v -4 1 1
v -4 1 2
v -4 0 1
v -4 0 1
v -4 1 2
v -4 1 1
v -4 0 2
v -5 3.9968028886505635e-15 2
v -4 0 3
v -5 3.9968028886505635e-15 3
v -4 0 2
v -5 0 1
v -4 0 2
v -5 3.9968028886505635e-15 2
v -4 0 1
v -5 3.9968028886505635e-15 2
v -4 0 1
v -5 0 1
v -4 0 2
v -5 3.9968028886505635e-15 3
v -4 0 2
v -5 3.9968028886505635e-15 2
v -4 0 3
v -6 3.9968028886505635e-15 2
v -5 3.9968028886505635e-15 3
v -6 3.9968028886505635e-15 3
v -5 3.9968028886505635e-15 2
v -6 1.7763568394002505e-15 1
v -5 3.9968028886505635e-15 2
v -6 3.9968028886505635e-15 2
v -5 0 1
v -6 3.9968028886505635e-15 2
v -5 0 1
v -6 1.7763568394002505e-15 1
v -5 3.9968028886505635e-15 2
v -6 3.9968028886505635e-15 3
v -5 3.9968028886505635e-15 2
v -6 3.9968028886505635e-15 2
v -5 3.9968028886505635e-15 3
v -7 1.7763568394002505e-15 1
v -6 3.9968028886505635e-15 2
v -7 3.9968028886505635e-15 2
v -6 1.7763568394002505e-15 1
v -8 1.7763568394002505e-15 1
v -7 3.9968028886505635e-15 2
v -8 3.9968028886505635e-15 2
v -7 1.7763568394002505e-15 1
v -8 3.9968028886505635e-15 2
v -7 3.9968028886505635e-15 3
v -8 3.9968028886505635e-15 3
v -7 3.9968028886505635e-15 2
v -7 3.9968028886505635e-15 2
v -6 3.9968028886505635e-15 3
v -7 3.9968028886505635e-15 3
v -6 3.9968028886505635e-15 2
v -7 3.9968028886505635e-15 3
v -6 3.9968028886505635e-15 2
v -7 3.9968028886505635e-15 2
v -6 3.9968028886505635e-15 3
v -7 3.9968028886505635e-15 2
v -6 1.7763568394002505e-15 1
v -7 1.7763568394002505e-15 1
v -6 3.9968028886505635e-15 2
v -8 3.9968028886505635e-15 3
v -7 3.9968028886505635e-15 2
v -8 3.9968028886505635e-15 2
v -7 3.9968028886505635e-15 3
v -8 3.9968028886505635e-15 2
v -7 1.7763568394002505e-15 1
v -8 1.7763568394002505e-15 1
v -7 3.9968028886505635e-15 2
v -6 1.7763568394002505e-15 7
v -5 3.9968028886505635e-15 6
v -6 3.9968028886505635e-15 6
v -5 0 7
v -6 3.9968028886505635e-15 6
v -5 3.9968028886505635e-15 5
v -6 3.9968028886505635e-15 5
v -5 3.9968028886505635e-15 6
v -6 3.9968028886505635e-15 6
v -5 0 7
v -6 1.7763568394002505e-15 7
v -5 3.9968028886505635e-15 6
v -6 3.9968028886505635e-15 5
v -5 3.9968028886505635e-15 6
v -6 3.9968028886505635e-15 6
v -5 3.9968028886505635e-15 5
v -5 0 7
v -4 0 6
v -5 3.9968028886505635e-15 6
v -4 0 7
v -5 3.9968028886505635e-15 6
v -4 0 5
v -5 3.9968028886505635e-15 5
v -4 0 6
v -4 0 6
v -4 1 7
v -4 1 6
v -4 0 7
v -4 0 7
v -4 1 6
v -4 1 7
v -4 0 6
v -5 3.9968028886505635e-15 5
v -4 0 6
v -5 3.9968028886505635e-15 6
v -4 0 5
v -5 3.9968028886505635e-15 6
v -4 0 7
v -5 0 7
v -4 0 6
v -4 0 6
v -4 1 5
v -4 1 6
v -4 0 5
v -4 0 5
v -4 1 6
v -4 1 5
v -4 0 6
v -4 3 7
v -4 4 6
v -4 4 7
v -4 3 6
v -4 1 6
v -4 2 7
v -4 2 6
v -4 1 7
v -4 2 6
v -4 3 7
v -4 3 6
v -4 2 7
v -4 3 6
v -4 4 7
v -4 4 6
v -4 3 7
v -4 1 7
v -4 2 6
v -4 2 7
v -4 1 6
v -4 2 7
v -4 3 6
v -4 3 7
v -4 2 6
v -4 2 6
v -4 3 5
v -4 3 6
v -4 2 5
v -4 1 6
v -4 2 5
v -4 2 6
v -4 1 5
v -4 3 5
v -4 4 6
v -4 4 5
v -4 3 6
v -4 3 4
v -4 4 5
v -4 4 4
v -4 3 5
v -4 2 5
v -4 3 6
v -4 3 5
v -4 2 6
v -4 1 5
v -4 2 6
v -4 2 5
v -4 1 6
v -4 3 6
v -4 4 5
v -4 4 6
v -4 3 5
v -4 3 5
v -4 4 4
v -4 4 5
v -4 3 4
v -4 3 4
v -4 4 3
v -4 4 4
v -4 3 3
v -4 1 4
v -4 2 5
v -4 2 4
v -4 1 5
v -4 1 3
v -4 2 4
v -4 2 3
v -4 1 4
v -4 2 3
v -4 3 4
v -4 3 3
v -4 2 4
v -4 2 4
v -4 3 5
v -4 3 4
v -4 2 5
v -4 3 3
v -4 4 4
v -4 4 3
v -4 3 4
v -4 2 5
v -4 3 4
v -4 3 5
v -4 2 4
v -4 2 4
v -4 3 3
v -4 3 4
v -4 2 3
v -4 1 5
v -4 2 4
v -4 2 5
v -4 1 4
v -4 1 4
v -4 2 3
v -4 2 4
v -4 1 3
v -4 0 3
v -4 1 4
v -4 1 3
v -4 0 4
v -4 0 4
v -4 1 5
v -4 1 4
v -4 0 5
v -4 0 4
v -4 1 3
v -4 1 4
v -4 0 3
v -4 0 5
v -4 1 4
v -4 1 5
v -4 0 4
v -5 3.9968028886505635e-15 4
v -4 0 5
v -5 3.9968028886505635e-15 5
v -4 0 4
v -5 3.9968028886505635e-15 3
v -4 0 4
v -5 3.9968028886505635e-15 4
v -4 0 3
v -5 3.9968028886505635e-15 4
v -4 0 3
v -5 3.9968028886505635e-15 3
v -4 0 4
v -5 3.9968028886505635e-15 5
v -4 0 4
v -5 3.9968028886505635e-15 4
v -4 0 5
v -6 3.9968028886505635e-15 4
v -5 3.9968028886505635e-15 5
v -6 3.9968028886505635e-15 5
v -5 3.9968028886505635e-15 4
v -6 3.9968028886505635e-15 3
v -5 3.9968028886505635e-15 4
v -6 3.9968028886505635e-15 4
v -5 3.9968028886505635e-15 3
v -6 3.9968028886505635e-15 5
v -5 3.9968028886505635e-15 4
v -6 3.9968028886505635e-15 4
v -5 3.9968028886505635e-15 5
v -6 3.9968028886505635e-15 4
v -5 3.9968028886505635e-15 3
v -6 3.9968028886505635e-15 3
v -5 3.9968028886505635e-15 4
v -7 1.7763568394002505e-15 7
v -6 3.9968028886505635e-15 6
v -7 3.9968028886505635e-15 6
v -6 1.7763568394002505e-15 7
v -8 1.7763568394002505e-15 7
v -7 3.9968028886505635e-15 6
v -8 3.9968028886505635e-15 6
v -7 1.7763568394002505e-15 7
v -8 3.9968028886505635e-15 6
v -7 3.9968028886505635e-15 5
v -8 3.9968028886505635e-15 5
v -7 3.9968028886505635e-15 6
v -7 3.9968028886505635e-15 6
v -6 3.9968028886505635e-15 5
v -7 3.9968028886505635e-15 5
v -6 3.9968028886505635e-15 6
v -8 3.9968028886505635e-15 5
v -7 3.9968028886505635e-15 6
v -8 3.9968028886505635e-15 6
v -7 3.9968028886505635e-15 5
v -7 3.9968028886505635e-15 5
v -6 3.9968028886505635e-15 6
v -7 3.9968028886505635e-15 6
v -6 3.9968028886505635e-15 5
v -7 3.9968028886505635e-15 6
v -6 1.7763568394002505e-15 7
v -7 1.7763568394002505e-15 7
v -6 3.9968028886505635e-15 6
v -8 3.9968028886505635e-15 6
v -7 1.7763568394002505e-15 7
v -8 1.7763568394002505e-15 7
v -7 3.9968028886505635e-15 6
v -7 3.9968028886505635e-15 3
v -6 3.9968028886505635e-15 4
v -7 3.9968028886505635e-15 4
v -6 3.9968028886505635e-15 3
v -8 3.9968028886505635e-15 3
v -7 3.9968028886505635e-15 4
v -8 3.9968028886505635e-15 4
v -7 3.9968028886505635e-15 3
v -8 3.9968028886505635e-15 4
v -7 3.9968028886505635e-15 5
v -8 3.9968028886505635e-15 5
v -7 3.9968028886505635e-15 4
v -7 3.9968028886505635e-15 4
v -6 3.9968028886505635e-15 5
v -7 3.9968028886505635e-15 5
v -6 3.9968028886505635e-15 4
v -7 3.9968028886505635e-15 5
v -6 3.9968028886505635e-15 4
v -7 3.9968028886505635e-15 4
v -6 3.9968028886505635e-15 5
v -7 3.9968028886505635e-15 4
v -6 3.9968028886505635e-15 3
v -7 3.9968028886505635e-15 3
v -6 3.9968028886505635e-15 4
v -8 3.9968028886505635e-15 4
v -7 3.9968028886505635e-15 3
v -8 3.9968028886505635e-15 3
v -7 3.9968028886505635e-15 4
v -8 3.9968028886505635e-15 5
v -7 3.9968028886505635e-15 4
v -8 3.9968028886505635e-15 4
v -7 3.9968028886505635e-15 5
v -4 3 10
v -4 4 11
v -4 4 10
v -4 3 11
v -4 3 11
v -4 4 10
v -4 4 11
v -4 3 10
v -4 3 7
v -4 4 8
v -4 4 7
v -4 3 8
v -4 3 8
v -4 4 7
v -4 4 8
v -4 3 7
v -4 3 10
v -4 4 9
v -4 4 10
v -4 3 9
v -4 1 10
v -4 2 11
v -4 2 10
v -4 1 11
v -4 1 9
v -4 2 10
v -4 2 9
v -4 1 10
v -4 2 9
v -4 3 10
v -4 3 9
v -4 2 10
v -4 2 10
v -4 3 11
v -4 3 10
v -4 2 11
v -4 3 9
v -4 4 10
v -4 4 9
v -4 3 10
v -4 2 11
v -4 3 10
v -4 3 11
v -4 2 10
v -4 2 10
v -4 3 9
v -4 3 10
v -4 2 9
v -4 1 11
v -4 2 10
v -4 2 11
v -4 1 10
v -4 1 10
v -4 2 9
v -4 2 10
v -4 1 9
v -4 3 9
v -4 4 8
v -4 4 9
v -4 3 8
v -4 1 8
v -4 2 9
v -4 2 8
v -4 1 9
v -4 2 8
v -4 3 9
v -4 3 8
v -4 2 9
v -4 3 8
v -4 4 9
v -4 4 8
v -4 3 9
v -4 1 9
v -4 2 8
v -4 2 9
v -4 1 8
v -4 2 9
v -4 3 8
v -4 3 9
v -4 2 8
v -4 1 7
v -4 2 8
v -4 2 7
v -4 1 8
v -4 2 7
v -4 3 8
v -4 3 7
v -4 2 8
v -4 2 8
v -4 3 7
v -4 3 8
v -4 2 7
v -4 1 8
v -4 2 7
v -4 2 8
v -4 1 7
v -4 0 9
v -4 1 10
v -4 1 9
v -4 0 10
v -4 0 10
v -4 1 11
v -4 1 10
v -4 0 11
v -4 0 10
v -4 1 9
v -4 1 10
v -4 0 9
v -4 0 11
v -4 1 10
v -4 1 11
v -4 0 10
v -5 3.9968028886505635e-15 10
v -4 0 11
v -5 3.9968028886505635e-15 11
v -4 0 10
v -5 3.9968028886505635e-15 9
v -4 0 10
v -5 3.9968028886505635e-15 10
v -4 0 9
v -5 3.9968028886505635e-15 10
v -4 0 9
v -5 3.9968028886505635e-15 9
v -4 0 10
v -5 3.9968028886505635e-15 11
v -4 0 10
v -5 3.9968028886505635e-15 10
v -4 0 11
v -4 0 9
v -4 1 8
v -4 1 9
v -4 0 8
v -4 0 8
v -4 1 9
v -4 1 8
v -4 0 9
v -4 0 8
v -4 1 7
v -4 1 8
v -4 0 7
v -4 0 7
v -4 1 8
v -4 1 7
v -4 0 8
v -5 3.9968028886505635e-15 8
v -4 0 9
v -5 3.9968028886505635e-15 9
v -4 0 8
v -5 0 7
v -4 0 8
v -5 3.9968028886505635e-15 8
v -4 0 7
v -5 3.9968028886505635e-15 8
v -4 0 7
v -5 0 7
v -4 0 8
v -5 3.9968028886505635e-15 9
v -4 0 8
v -5 3.9968028886505635e-15 8
v -4 0 9
v -6 3.9968028886505635e-15 10
v -5 3.9968028886505635e-15 11
v -6 3.9968028886505635e-15 11
v -5 3.9968028886505635e-15 10
v -6 3.9968028886505635e-15 9
v -5 3.9968028886505635e-15 10
v -6 3.9968028886505635e-15 10
v -5 3.9968028886505635e-15 9
v -6 3.9968028886505635e-15 11
v -5 3.9968028886505635e-15 10
v -6 3.9968028886505635e-15 10
v -5 3.9968028886505635e-15 11
v -6 3.9968028886505635e-15 10
v -5 3.9968028886505635e-15 9
v -6 3.9968028886505635e-15 9
v -5 3.9968028886505635e-15 10
v -6 3.9968028886505635e-15 8
v -5 3.9968028886505635e-15 9
v -6 3.9968028886505635e-15 9
v -5 3.9968028886505635e-15 8
v -6 1.7763568394002505e-15 7
v -5 3.9968028886505635e-15 8
v -6 3.9968028886505635e-15 8
v -5 0 7
v -6 3.9968028886505635e-15 8
v -5 0 7
v -6 1.7763568394002505e-15 7
v -5 3.9968028886505635e-15 8
v -6 3.9968028886505635e-15 9
v -5 3.9968028886505635e-15 8
v -6 3.9968028886505635e-15 8
v -5 3.9968028886505635e-15 9
v -7 3.9968028886505635e-15 9
v -6 3.9968028886505635e-15 10
v -7 3.9968028886505635e-15 10
v -6 3.9968028886505635e-15 9
v -8 3.9968028886505635e-15 9
v -7 3.9968028886505635e-15 10
v -8 3.9968028886505635e-15 10
v -7 3.9968028886505635e-15 9
v -8 3.9968028886505635e-15 10
v -7 3.9968028886505635e-15 11
v -8 3.9968028886505635e-15 11
v -7 3.9968028886505635e-15 10
v -7 3.9968028886505635e-15 10
v -6 3.9968028886505635e-15 11
v -7 3.9968028886505635e-15 11
v -6 3.9968028886505635e-15 10
v -7 3.9968028886505635e-15 11
v -6 3.9968028886505635e-15 10
v -7 3.9968028886505635e-15 10
v -6 3.9968028886505635e-15 11
v -7 3.9968028886505635e-15 10
v -6 3.9968028886505635e-15 9
v -7 3.9968028886505635e-15 9
v -6 3.9968028886505635e-15 10
v -8 3.9968028886505635e-15 10
v -7 3.9968028886505635e-15 9
v -8 3.9968028886505635e-15 9
v -7 3.9968028886505635e-15 10
v -8 3.9968028886505635e-15 11
v -7 3.9968028886505635e-15 10
v -8 3.9968028886505635e-15 10
v -7 3.9968028886505635e-15 11
v -7 1.7763568394002505e-15 7
v -6 3.9968028886505635e-15 8
v -7 3.9968028886505635e-15 8
v -6 1.7763568394002505e-15 7
v -8 1.7763568394002505e-15 7
v -7 3.9968028886505635e-15 8
v -8 3.9968028886505635e-15 8
v -7 1.7763568394002505e-15 7
v -8 3.9968028886505635e-15 8
v -7 3.9968028886505635e-15 9
v -8 3.9968028886505635e-15 9
v -7 3.9968028886505635e-15 8
v -7 3.9968028886505635e-15 8
v -6 3.9968028886505635e-15 9
v -7 3.9968028886505635e-15 9
v -6 3.9968028886505635e-15 8
v -7 3.9968028886505635e-15 9
v -6 3.9968028886505635e-15 8
v -7 3.9968028886505635e-15 8
v -6 3.9968028886505635e-15 9
v -7 3.9968028886505635e-15 8
v -6 1.7763568394002505e-15 7
v -7 1.7763568394002505e-15 7
v -6 3.9968028886505635e-15 8
v -8 3.9968028886505635e-15 9
v -7 3.9968028886505635e-15 8
v -8 3.9968028886505635e-15 8
v -7 3.9968028886505635e-15 9
v -8 3.9968028886505635e-15 8
v -7 1.7763568394002505e-15 7
v -8 1.7763568394002505e-15 7
v -7 3.9968028886505635e-15 8
v -6 1.7763568394002505e-15 13
v -5 3.9968028886505635e-15 12
v -6 3.9968028886505635e-15 12
v -5 0 13
v -6 3.9968028886505635e-15 12
v -5 3.9968028886505635e-15 11
v -6 3.9968028886505635e-15 11
v -5 3.9968028886505635e-15 12
v -6 3.9968028886505635e-15 12
v -5 0 13
v -6 1.7763568394002505e-15 13
v -5 3.9968028886505635e-15 12
v -6 3.9968028886505635e-15 11
v -5 3.9968028886505635e-15 12
v -6 3.9968028886505635e-15 12
v -5 3.9968028886505635e-15 11
v -5 0 13
v -4 0 12
v -5 3.9968028886505635e-15 12
v -4 0 13
v -5 3.9968028886505635e-15 12
v -4 0 11
v -5 3.9968028886505635e-15 11
v -4 0 12
v -4 0 12
v -4 1 13
v -4 1 12
v -4 0 13
v -4 0 13
v -4 1 12
v -4 1 13
v -4 0 12
v -5 3.9968028886505635e-15 11
v -4 0 12
v -5 3.9968028886505635e-15 12
v -4 0 11
v -5 3.9968028886505635e-15 12
v -4 0 13
v -5 0 13
v -4 0 12
v -4 0 12
v -4 1 11
v -4 1 12
v -4 0 11
v -4 0 11
v -4 1 12
v -4 1 11
v -4 0 12
v -4 3 13
v -4 4 12
v -4 4 13
v -4 3 12
v -4 1 12
v -4 2 13
v -4 2 12
v -4 1 13
v -4 2 12
v -4 3 13
v -4 3 12
v -4 2 13
v -4 3 12
v -4 4 13
v -4 4 12
v -4 3 13
v -4 1 13
v -4 2 12
v -4 2 13
v -4 1 12
v -4 2 13
v -4 3 12
v -4 3 13
v -4 2 12
v -4 2 12
v -4 3 11
v -4 3 12
v -4 2 11
v -4 1 12
v -4 2 11
v -4 2 12
v -4 1 11
v -4 3 11
v -4 4 12
v -4 4 11
v -4 3 12
v -4 2 11
v -4 3 12
v -4 3 11
v -4 2 12
v -4 1 11
v -4 2 12
v -4 2 11
v -4 1 12
v -4 3 12
v -4 4 11
v -4 4 12
v -4 3 11
v -7 1.7763568394002505e-15 13
v -6 3.9968028886505635e-15 12
v -7 3.9968028886505635e-15 12
v -6 1.7763568394002505e-15 13
v -8 1.7763568394002505e-15 13
v -7 3.9968028886505635e-15 12
v -8 3.9968028886505635e-15 12
v -7 1.7763568394002505e-15 13
v -8 3.9968028886505635e-15 12
v -7 3.9968028886505635e-15 11
v -8 3.9968028886505635e-15 11
v -7 3.9968028886505635e-15 12
v -7 3.9968028886505635e-15 12
v -6 3.9968028886505635e-15 11
v -7 3.9968028886505635e-15 11
v -6 3.9968028886505635e-15 12
v -8 3.9968028886505635e-15 11
v -7 3.9968028886505635e-15 12
v -8 3.9968028886505635e-15 12
v -7 3.9968028886505635e-15 11
v -7 3.9968028886505635e-15 11
v -6 3.9968028886505635e-15 12
v -7 3.9968028886505635e-15 12
v -6 3.9968028886505635e-15 11
v -7 3.9968028886505635e-15 12
v -6 1.7763568394002505e-15 13
v -7 1.7763568394002505e-15 13
v -6 3.9968028886505635e-15 12
v -8 3.9968028886505635e-15 12
v -7 1.7763568394002505e-15 13
v -8 1.7763568394002505e-15 13
v -7 3.9968028886505635e-15 12
v -4 3 13
v -4 4 14
v -4 4 13
v -4 3 14
v -4 3 14
v -4 4 13
v -4 4 14
v -4 3 13
v -4 3 15
v -4 4 14
v -4 4 15
v -4 3 14
v -4 1 14
v -4 2 15
v -4 2 14
v -4 1 15
v -4 2 14
v -4 3 15
v -4 3 14
v -4 2 15
v -4 3 14
v -4 4 15
v -4 4 14
v -4 3 15
v -4 1 15
v -4 2 14
v -4 2 15
v -4 1 14
v -4 2 15
v -4 3 14
v -4 3 15
v -4 2 14
v -4 1 13
v -4 2 14
v -4 2 13
v -4 1 14
v -4 2 13
v -4 3 14
v -4 3 13
v -4 2 14
v -4 2 14
v -4 3 13
v -4 3 14
v -4 2 13
v -4 1 14
v -4 2 13
v -4 2 14
v -4 1 13
v -4 0 15
v -4 1 14
v -4 1 15
v -4 0 14
v -4 0 14
v -4 1 15
v -4 1 14
v -4 0 15
v -4 0 14
v -4 1 13
v -4 1 14
v -4 0 13
v -4 0 13
v -4 1 14
v -4 1 13
v -4 0 14
v -5 3.9968028886505635e-15 14
v -4 0 15
v -5 3.9968028886505635e-15 15
v -4 0 14
v -5 0 13
v -4 0 14
v -5 3.9968028886505635e-15 14
v -4 0 13
v -5 3.9968028886505635e-15 14
v -4 0 13
v -5 0 13
v -4 0 14
v -5 3.9968028886505635e-15 15
v -4 0 14
v -5 3.9968028886505635e-15 14
v -4 0 15
v -6 3.9968028886505635e-15 14
v -5 3.9968028886505635e-15 15
v -6 3.9968028886505635e-15 15
v -5 3.9968028886505635e-15 14
v -6 1.7763568394002505e-15 13
v -5 3.9968028886505635e-15 14
v -6 3.9968028886505635e-15 14
v -5 0 13
v -6 3.9968028886505635e-15 14
v -5 0 13
v -6 1.7763568394002505e-15 13
v -5 3.9968028886505635e-15 14
v -6 3.9968028886505635e-15 15
v -5 3.9968028886505635e-15 14
v -6 3.9968028886505635e-15 14
v -5 3.9968028886505635e-15 15
v -7 1.7763568394002505e-15 13
v -6 3.9968028886505635e-15 14
v -7 3.9968028886505635e-15 14
v -6 1.7763568394002505e-15 13
v -8 1.7763568394002505e-15 13
v -7 3.9968028886505635e-15 14
v -8 3.9968028886505635e-15 14
v -7 1.7763568394002505e-15 13
v -8 3.9968028886505635e-15 14
v -7 3.9968028886505635e-15 15
v -8 3.9968028886505635e-15 15
v -7 3.9968028886505635e-15 14
v -7 3.9968028886505635e-15 14
v -6 3.9968028886505635e-15 15
v -7 3.9968028886505635e-15 15
v -6 3.9968028886505635e-15 14
v -7 3.9968028886505635e-15 15
v -6 3.9968028886505635e-15 14
v -7 3.9968028886505635e-15 14
v -6 3.9968028886505635e-15 15
v -7 3.9968028886505635e-15 14
v -6 1.7763568394002505e-15 13
v -7 1.7763568394002505e-15 13
v -6 3.9968028886505635e-15 14
v -8 3.9968028886505635e-15 15
v -7 3.9968028886505635e-15 14
v -8 3.9968028886505635e-15 14
v -7 3.9968028886505635e-15 15
v -8 3.9968028886505635e-15 14
v -7 1.7763568394002505e-15 13
v -8 1.7763568394002505e-15 13
v -7 3.9968028886505635e-15 14
v -6 1.7763568394002505e-15 19
v -5 3.9968028886505635e-15 18
v -6 3.9968028886505635e-15 18
v -5 0 19
v -6 3.9968028886505635e-15 18
v -5 3.9968028886505635e-15 17
v -6 3.9968028886505635e-15 17
v -5 3.9968028886505635e-15 18
v -6 3.9968028886505635e-15 18
v -5 0 19
v -6 1.7763568394002505e-15 19
v -5 3.9968028886505635e-15 18
v -6 3.9968028886505635e-15 17
v -5 3.9968028886505635e-15 18
v -6 3.9968028886505635e-15 18
v -5 3.9968028886505635e-15 17
v -5 0 19
v -4 0 18
v -5 3.9968028886505635e-15 18
v -4 0 19
v -5 3.9968028886505635e-15 18
v -4 0 17
v -5 3.9968028886505635e-15 17
v -4 0 18
v -4 0 18
v -4 1 19
v -4 1 18
v -4 0 19
v -4 0 19
v -4 1 18
v -4 1 19
v -4 0 18
v -5 3.9968028886505635e-15 17
v -4 0 18
v -5 3.9968028886505635e-15 18
v -4 0 17
v -5 3.9968028886505635e-15 18
v -4 0 19
v -5 0 19
v -4 0 18
v -4 0 18
v -4 1 17
v -4 1 18
v -4 0 17
v -4 0 17
v -4 1 18
v -4 1 17
v -4 0 18
v -4 3 19
v -4 4 18
v -4 4 19
v -4 3 18
v -4 1 18
v -4 2 19
v -4 2 18
v -4 1 19
v -4 2 18
v -4 3 19
v -4 3 18
v -4 2 19
v -4 3 18
v -4 4 19
v -4 4 18
v -4 3 19
v -4 1 19
v -4 2 18
v -4 2 19
v -4 1 18
v -4 2 19
v -4 3 18
v -4 3 19
v -4 2 18
v -4 2 18
v -4 3 17
v -4 3 18
v -4 2 17
v -4 1 18
v -4 2 17
v -4 2 18
v -4 1 17
v -4 3 17
v -4 4 18
v -4 4 17
v -4 3 18
v -4 3 16
v -4 4 17
v -4 4 16
v -4 3 17
v -4 2 17
v -4 3 18
v -4 3 17
v -4 2 18
v -4 1 17
v -4 2 18
v -4 2 17
v -4 1 18
v -4 3 18
v -4 4 17
v -4 4 18
v -4 3 17
v -4 3 17
v -4 4 16
v -4 4 17
v -4 3 16
v -4 3 16
v -4 4 15
v -4 4 16
v -4 3 15
v -4 1 16
v -4 2 17
v -4 2 16
v -4 1 17
v -4 1 15
v -4 2 16
v -4 2 15
v -4 1 16
v -4 2 15
v -4 3 16
v -4 3 15
v -4 2 16
v -4 2 16
v -4 3 17
v -4 3 16
v -4 2 17
v -4 3 15
v -4 4 16
v -4 4 15
v -4 3 16
v -4 2 17
v -4 3 16
v -4 3 17
v -4 2 16
v -4 2 16
v -4 3 15
v -4 3 16
v -4 2 15
v -4 1 17
v -4 2 16
v -4 2 17
v -4 1 16
v -4 1 16
v -4 2 15
v -4 2 16
v -4 1 15
v -4 0 15
v -4 1 16
v -4 1 15
v -4 0 16
v -4 0 16
v -4 1 17
v -4 1 16
v -4 0 17
v -4 0 16
v -4 1 15
v -4 1 16
v -4 0 15
v -4 0 17
v -4 1 16
v -4 1 17
v -4 0 16
v -5 3.9968028886505635e-15 16
v -4 0 17
v -5 3.9968028886505635e-15 17
v -4 0 16
v -5 3.9968028886505635e-15 15
v -4 0 16
v -5 3.9968028886505635e-15 16
v -4 0 15
v -5 3.9968028886505635e-15 16
v -4 0 15
v -5 3.9968028886505635e-15 15
v -4 0 16
v -5 3.9968028886505635e-15 17
v -4 0 16
v -5 3.9968028886505635e-15 16
v -4 0 17
v -6 3.9968028886505635e-15 16
v -5 3.9968028886505635e-15 17
v -6 3.9968028886505635e-15 17
v -5 3.9968028886505635e-15 16
v -6 3.9968028886505635e-15 15
v -5 3.9968028886505635e-15 16
v -6 3.9968028886505635e-15 16
v -5 3.9968028886505635e-15 15
v -6 3.9968028886505635e-15 17
v -5 3.9968028886505635e-15 16
v -6 3.9968028886505635e-15 16
v -5 3.9968028886505635e-15 17
v -6 3.9968028886505635e-15 16
v -5 3.9968028886505635e-15 15
v -6 3.9968028886505635e-15 15
v -5 3.9968028886505635e-15 16
v -7 1.7763568394002505e-15 19
v -6 3.9968028886505635e-15 18
v -7 3.9968028886505635e-15 18
v -6 1.7763568394002505e-15 19
v -8 1.7763568394002505e-15 19
v -7 3.9968028886505635e-15 18
v -8 3.9968028886505635e-15 18
v -7 1.7763568394002505e-15 19
v -8 3.9968028886505635e-15 18
v -7 3.9968028886505635e-15 17
v -8 3.9968028886505635e-15 17
v -7 3.9968028886505635e-15 18
v -7 3.9968028886505635e-15 18
v -6 3.9968028886505635e-15 17
v -7 3.9968028886505635e-15 17
v -6 3.9968028886505635e-15 18
v -8 3.9968028886505635e-15 17
v -7 3.9968028886505635e-15 18
v -8 3.9968028886505635e-15 18
v -7 3.9968028886505635e-15 17
v -7 3.9968028886505635e-15 17
v -6 3.9968028886505635e-15 18
v -7 3.9968028886505635e-15 18
v -6 3.9968028886505635e-15 17
v -7 3.9968028886505635e-15 18
v -6 1.7763568394002505e-15 19
v -7 1.7763568394002505e-15 19
v -6 3.9968028886505635e-15 18
v -8 3.9968028886505635e-15 18
v -7 1.7763568394002505e-15 19
v -8 1.7763568394002505e-15 19
v -7 3.9968028886505635e-15 18
v -7 3.9968028886505635e-15 15
v -6 3.9968028886505635e-15 16
v -7 3.9968028886505635e-15 16
v -6 3.9968028886505635e-15 15
v -8 3.9968028886505635e-15 15
v -7 3.9968028886505635e-15 16
v -8 3.9968028886505635e-15 16
v -7 3.9968028886505635e-15 15
v -8 3.9968028886505635e-15 16
v -7 3.9968028886505635e-15 17
v -8 3.9968028886505635e-15 17
v -7 3.9968028886505635e-15 16
v -7 3.9968028886505635e-15 16
v -6 3.9968028886505635e-15 17
v -7 3.9968028886505635e-15 17
v -6 3.9968028886505635e-15 16
v -7 3.9968028886505635e-15 17
v -6 3.9968028886505635e-15 16
v -7 3.9968028886505635e-15 16
v -6 3.9968028886505635e-15 17
v -7 3.9968028886505635e-15 16
v -6 3.9968028886505635e-15 15
v -7 3.9968028886505635e-15 15
v -6 3.9968028886505635e-15 16
v -8 3.9968028886505635e-15 16
v -7 3.9968028886505635e-15 15
v -8 3.9968028886505635e-15 15
v -7 3.9968028886505635e-15 16
v -8 3.9968028886505635e-15 17
v -7 3.9968028886505635e-15 16
v -8 3.9968028886505635e-15 16
v -7 3.9968028886505635e-15 17
v -6 4 -1
v -5 4 -2
v -5 4 -1
v -6 4 -2
v -5 4 -1
v -6 4 -2
v -6 4 -1
v -5 4 -2
v -4 4 -1
v -5 4 -2
v -5 4 -1
v -4 4 -2
v -5 4 -1
v -4 4 -2
v -4 4 -1
v -5 4 -2
v -5 4 -2
v -4 4 -3
v -4 4 -2
v -5 4 -3
v -4 4 -2
v -5 4 -3
v -5 4 -2
v -4 4 -3
v -5 4 -4
v -4 4 -5
v -4 4 -4
v -5 4 -5
v -4 4 -4
v -5 4 -5
v -5 4 -4
v -4 4 -5
v -5 4 -3
v -4 4 -4
v -4 4 -3
v -5 4 -4
v -4 4 -3
v -5 4 -4
v -5 4 -3
v -4 4 -4
v -5 4 -2
v -6 4 -3
v -6 4 -2
v -5 4 -3
v -6 4 -2
v -5 4 -3
v -5 4 -2
v -6 4 -3
v -6 4 -4
v -5 4 -5
v -5 4 -4
v -6 4 -5
v -5 4 -4
v -6 4 -5
v -6 4 -4
v -5 4 -5
v -6 4 -3
v -5 4 -4
v -5 4 -3
v -6 4 -4
v -5 4 -3
v -6 4 -4
v -6 4 -3
v -5 4 -4
v -8 4 -1
v -7 4 -2
v -7 4 -1
v -8 4 -2
v -7 4 -1
v -8 4 -2
v -8 4 -1
v -7 4 -2
v -7 4 -1
v -6 4 -2
v -6 4 -1
v -7 4 -2
v -6 4 -1
v -7 4 -2
v -7 4 -1
v -6 4 -2
v -6 4 -2
v -7 4 -3
v -7 4 -2
v -6 4 -3
v -7 4 -2
v -8 4 -3
v -8 4 -2
v -7 4 -3
v -7 4 -2
v -6 4 -3
v -6 4 -2
v -7 4 -3
v -8 4 -2
v -7 4 -3
v -7 4 -2
v -8 4 -3
v -7 4 -4
v -6 4 -5
v -6 4 -4
v -7 4 -5
v -6 4 -4
v -7 4 -5
v -7 4 -4
v -6 4 -5
v -7 4 -3
v -6 4 -4
v -6 4 -3
v -7 4 -4
v -6 4 -3
v -7 4 -4
v -7 4 -3
v -6 4 -4
v -8 4 -4
v -7 4 -5
v -7 4 -4
v -8 4 -5
v -7 4 -4
v -8 4 -5
v -8 4 -4
v -7 4 -5
v -8 4 -3
v -7 4 -4
v -7 4 -3
v -8 4 -4
v -7 4 -3
v -8 4 -4
v -8 4 -3
v -7 4 -4
v -6 4 1
v -5 4 0
v -5 4 1
v -6 4 0
v -5 4 1
v -6 4 0
v -6 4 1
v -5 4 0
v -6 4 0
v -5 4 -1
v -5 4 0
v -6 4 -1
v -5 4 0
v -6 4 -1
v -6 4 0
v -5 4 -1
v -4 4 1
v -5 4 0
v -5 4 1
v -4 4 0
v -4 4 0
v -5 4 -1
v -5 4 0
v -4 4 -1
v -5 4 0
v -4 4 -1
v -4 4 0
v -5 4 -1
v -5 4 1
v -4 4 0
v -4 4 1
v -5 4 0
v -8 4 0
v -7 4 -1
v -7 4 0
v -8 4 -1
v -7 4 0
v -8 4 -1
v -8 4 0
v -7 4 -1
v -7 4 1
v -6 4 0
v -6 4 1
v -7 4 0
v -8 4 1
v -7 4 0
v -7 4 1
v -8 4 0
v -6 4 1
v -7 4 0
v -7 4 1
v -6 4 0
v -8 4 0
v -7 4 1
v -7 4 0
v -8 4 1
v -7 4 0
v -6 4 -1
v -6 4 0
v -7 4 -1
v -6 4 0
v -7 4 -1
v -7 4 0
v -6 4 -1
v -5 4 2
v -4 4 1
v -4 4 2
v -5 4 1
v -4 4 2
v -5 4 1
v -5 4 2
v -4 4 1
v -5 4 3
v -4 4 2
v -4 4 3
v -5 4 2
v -4 4 3
v -5 4 2
v -5 4 3
v -4 4 2
v -6 4 2
v -5 4 1
v -5 4 2
v -6 4 1
v -5 4 2
v -6 4 1
v -6 4 2
v -5 4 1
v -6 4 3
v -5 4 2
v -5 4 3
v -6 4 2
v -5 4 3
v -6 4 2
v -6 4 3
v -5 4 2
v -7 4 2
v -6 4 1
v -6 4 2
v -7 4 1
v -6 4 2
v -7 4 1
v -7 4 2
v -6 4 1
v -7 4 3
v -6 4 2
v -6 4 3
v -7 4 2
v -6 4 3
v -7 4 2
v -7 4 3
v -6 4 2
v -8 4 2
v -7 4 1
v -7 4 2
v -8 4 1
v -7 4 2
v -8 4 1
v -8 4 2
v -7 4 1
v -8 4 3
v -7 4 2
v -7 4 3
v -8 4 2
v -7 4 3
v -8 4 2
v -8 4 3
v -7 4 2
v -6 4 7
v -5 4 6
v -5 4 7
v -6 4 6
v -5 4 7
v -6 4 6
v -6 4 7
v -5 4 6
v -6 4 6
v -5 4 5
v -5 4 6
v -6 4 5
v -6 4 5
v -5 4 4
v -5 4 5
v -6 4 4
v -5 4 6
v -6 4 5
v -6 4 6
v -5 4 5
v -5 4 5
v -6 4 4
v -6 4 5
v -5 4 4
v -4 4 5
v -5 4 4
v -5 4 5
v -4 4 4
v -5 4 5
v -4 4 4
v -4 4 5
v -5 4 4
v -4 4 7
v -5 4 6
v -5 4 7
v -4 4 6
v -4 4 6
v -5 4 5
v -5 4 6
v -4 4 5
v -5 4 6
v -4 4 5
v -4 4 6
v -5 4 5
v -5 4 7
v -4 4 6
v -4 4 7
v -5 4 6
v -5 4 4
v -4 4 3
v -4 4 4
v -5 4 3
v -4 4 4
v -5 4 3
v -5 4 4
v -4 4 3
v -5 4 4
v -6 4 3
v -6 4 4
v -5 4 3
v -6 4 4
v -5 4 3
v -5 4 4
v -6 4 3
v -8 4 6
v -7 4 5
v -7 4 6
v -8 4 5
v -8 4 5
v -7 4 4
v -7 4 5
v -8 4 4
v -7 4 6
v -8 4 5
v -8 4 6
v -7 4 5
v -7 4 5
v -8 4 4
v -8 4 5
v -7 4 4
v -7 4 7
v -6 4 6
v -6 4 7
v -7 4 6
v -8 4 7
v -7 4 6
v -7 4 7
v -8 4 6
v -6 4 7
v -7 4 6
v -7 4 7
v -6 4 6
v -8 4 6
v -7 4 7
v -7 4 6
v -8 4 7
v -7 4 5
v -6 4 4
v -6 4 5
v -7 4 4
v -7 4 6
v -6 4 5
v -6 4 6
v -7 4 5
v -6 4 6
v -7 4 5
v -7 4 6
v -6 4 5
v -6 4 5
v -7 4 4
v -7 4 5
v -6 4 4
v -6 4 4
v -7 4 3
v -7 4 4
v -6 4 3
v -7 4 4
v -8 4 3
v -8 4 4
v -7 4 3
v -7 4 4
v -6 4 3
v -6 4 4
v -7 4 3
v -8 4 4
v -7 4 3
v -7 4 4
v -8 4 3
v -6 4 11
v -5 4 10
v -5 4 11
v -6 4 10
v -5 4 11
v -6 4 10
v -6 4 11
v -5 4 10
v -4 4 11
v -5 4 10
v -5 4 11
v -4 4 10
v -5 4 11
v -4 4 10
v -4 4 11
v -5 4 10
v -5 4 10
v -4 4 9
v -4 4 10
v -5 4 9
v -4 4 10
v -5 4 9
v -5 4 10
v -4 4 9
v -5 4 8
v -4 4 7
v -4 4 8
v -5 4 7
v -4 4 8
v -5 4 7
v -5 4 8
v -4 4 7
v -5 4 9
v -4 4 8
v -4 4 9
v -5 4 8
v -4 4 9
v -5 4 8
v -5 4 9
v -4 4 8
v -5 4 10
v -6 4 9
v -6 4 10
v -5 4 9
v -6 4 10
v -5 4 9
v -5 4 10
v -6 4 9
v -6 4 8
v -5 4 7
v -5 4 8
v -6 4 7
v -5 4 8
v -6 4 7
v -6 4 8
v -5 4 7
v -6 4 9
v -5 4 8
v -5 4 9
v -6 4 8
v -5 4 9
v -6 4 8
v -6 4 9
v -5 4 8
v -8 4 11
v -7 4 10
v -7 4 11
v -8 4 10
v -7 4 11
v -8 4 10
v -8 4 11
v -7 4 10
v -7 4 11
v -6 4 10
v -6 4 11
v -7 4 10
v -6 4 11
v -7 4 10
v -7 4 11
v -6 4 10
v -6 4 10
v -7 4 9
v -7 4 10
v -6 4 9
v -7 4 10
v -8 4 9
v -8 4 10
v -7 4 9
v -7 4 10
v -6 4 9
v -6 4 10
v -7 4 9
v -8 4 10
v -7 4 9
v -7 4 10
v -8 4 9
v -7 4 8
v -6 4 7
v -6 4 8
v -7 4 7
v -6 4 8
v -7 4 7
v -7 4 8
v -6 4 7
v -7 4 9
v -6 4 8
v -6 4 9
v -7 4 8
v -6 4 9
v -7 4 8
v -7 4 9
v -6 4 8
v -8 4 8
v -7 4 7
v -7 4 8
v -8 4 7
v -7 4 8
v -8 4 7
v -8 4 8
v -7 4 7
v -8 4 9
v -7 4 8
v -7 4 9
v -8 4 8
v -7 4 9
v -8 4 8
v -8 4 9
v -7 4 8
v -6 4 13
v -5 4 12
v -5 4 13
v -6 4 12
v -5 4 13
v -6 4 12
v -6 4 13
v -5 4 12
v -6 4 12
v -5 4 11
v -5 4 12
v -6 4 11
v -5 4 12
v -6 4 11
v -6 4 12
v -5 4 11
v -4 4 13
v -5 4 12
v -5 4 13
v -4 4 12
v -4 4 12
v -5 4 11
v -5 4 12
v -4 4 11
v -5 4 12
v -4 4 11
v -4 4 12
v -5 4 11
v -5 4 13
v -4 4 12
v -4 4 13
v -5 4 12
v -8 4 12
v -7 4 11
v -7 4 12
v -8 4 11
v -7 4 12
v -8 4 11
v -8 4 12
v -7 4 11
v -7 4 13
v -6 4 12
v -6 4 13
v -7 4 12
v -8 4 13
v -7 4 12
v -7 4 13
v -8 4 12
v -6 4 13
v -7 4 12
v -7 4 13
v -6 4 12
v -8 4 12
v -7 4 13
v -7 4 12
v -8 4 13
v -7 4 12
v -6 4 11
v -6 4 12
v -7 4 11
v -6 4 12
v -7 4 11
v -7 4 12
v -6 4 11
v -5 4 14
v -4 4 13
v -4 4 14
v -5 4 13
v -4 4 14
v -5 4 13
v -5 4 14
v -4 4 13
v -5 4 15
v -4 4 14
v -4 4 15
v -5 4 14
v -4 4 15
v -5 4 14
v -5 4 15
v -4 4 14
v -6 4 14
v -5 4 13
v -5 4 14
v -6 4 13
v -5 4 14
v -6 4 13
v -6 4 14
v -5 4 13
v -6 4 15
v -5 4 14
v -5 4 15
v -6 4 14
v -5 4 15
v -6 4 14
v -6 4 15
v -5 4 14
v -7 4 14
v -6 4 13
v -6 4 14
v -7 4 13
v -6 4 14
v -7 4 13
v -7 4 14
v -6 4 13
v -7 4 15
v -6 4 14
v -6 4 15
v -7 4 14
v -6 4 15
v -7 4 14
v -7 4 15
v -6 4 14
v -8 4 14
v -7 4 13
v -7 4 14
v -8 4 13
v -7 4 14
v -8 4 13
v -8 4 14
v -7 4 13
v -8 4 15
v -7 4 14
v -7 4 15
v -8 4 14
v -7 4 15
v -8 4 14
v -8 4 15
v -7 4 14
v -6 4 19
v -5 4 18
v -5 4 19
v -6 4 18
v -5 4 19
v -6 4 18
v -6 4 19
v -5 4 18
v -6 4 18
v -5 4 17
v -5 4 18
v -6 4 17
v -6 4 17
v -5 4 16
v -5 4 17
v -6 4 16
v -5 4 18
v -6 4 17
v -6 4 18
v -5 4 17
v -5 4 17
v -6 4 16
v -6 4 17
v -5 4 16
v -4 4 17
v -5 4 16
v -5 4 17
v -4 4 16
v -5 4 17
v -4 4 16
v -4 4 17
v -5 4 16
v -4 4 19
v -5 4 18
v -5 4 19
v -4 4 18
v -4 4 18
v -5 4 17
v -5 4 18
v -4 4 17
v -5 4 18
v -4 4 17
v -4 4 18
v -5 4 17
v -5 4 19
v -4 4 18
v -4 4 19
v -5 4 18
v -5 4 16
v -4 4 15
v -4 4 16
v -5 4 15
v -4 4 16
v -5 4 15
v -5 4 16
v -4 4 15
v -5 4 16
v -6 4 15
v -6 4 16
v -5 4 15
v -6 4 16
v -5 4 15
v -5 4 16
v -6 4 15
v -8 4 18
v -7 4 17
v -7 4 18
v -8 4 17
v -8 4 17
v -7 4 16
v -7 4 17
v -8 4 16
v -7 4 18
v -8 4 17
v -8 4 18
v -7 4 17
v -7 4 17
v -8 4 16
v -8 4 17
v -7 4 16
v -7 4 19
v -6 4 18
v -6 4 19
v -7 4 18
v -8 4 19
v -7 4 18
v -7 4 19
v -8 4 18
v -6 4 19
v -7 4 18
v -7 4 19
v -6 4 18
v -8 4 18
v -7 4 19
v -7 4 18
v -8 4 19
v -7 4 17
v -6 4 16
v -6 4 17
v -7 4 16
v -7 4 18
v -6 4 17
v -6 4 18
v -7 4 17
v -6 4 18
v -7 4 17
v -7 4 18
v -6 4 17
v -6 4 17
v -7 4 16
v -7 4 17
v -6 4 16
v -6 4 16
v -7 4 15
v -7 4 16
v -6 4 15
v -7 4 16
v -8 4 15
v -8 4 16
v -7 4 15
v -7 4 16
v -6 4 15
v -6 4 16
v -7 4 15
v -8 4 16
v -7 4 15
v -7 4 16
v -8 4 15
vt 0.30000001192092896 0.8999999761581421
vt 0.20000000298023224 0.800000011920929
vt 0.30000001192092896 0.800000011920929
vt 0.20000000298023224 0.8999999761581421
vt 0.20000000298023224 0.10000000149011612
vt 0.10000000149011612 0
vt 0.20000000298023224 0
vt 0.10000000149011612 0.10000000149011612
vt 0.4000000059604645 0.20000000298023224
vt 0.30000001192092896 0.10000000149011612
vt 0.4000000059604645 0.10000000149011612
vt 0.30000001192092896 0.20000000298023224
vt 0.10000000149011612 0.20000000298023224
vt 0.20000000298023224 0.30000001192092896
vt 0.10000000149011612 0.30000001192092896
vt 0.20000000298023224 0.20000000298023224
vt 0.30000001192092896 0
vt 0.4000000059604645 0
vt 0.30000001192092896 0.699999988079071
vt 0.20000000298023224 0.699999988079071
vt 0.10000000149011612 1
vt 0.20000000298023224 1
vt 0.10000000149011612 0.8999999761581421
vt 0.30000001192092896 1
vt 0.10000000149011612 0.800000011920929
vn 1 0 0
vn -1 0 0
vn 0 -1 0
vn 0 1 0
g Object 35331
usemtl CorridorTileset2
f 1/1/1 3/2/1 2/3/1
f 1/1/1 4/4/1 3/2/1
f 5/5/2 6/6/2 7/7/2
f 5/5/2 8/8/2 6/6/2
f 9/9/2 10/10/2 11/11/2
f 9/9/2 12/12/2 10/10/2
f 13/13/1 14/14/1 15/15/1
f 13/13/1 16/16/1 14/14/1
f 17/17/2 18/11/2 19/10/2
f 17/17/2 20/18/2 18/11/2
f 21/2/3 22/19/3 23/3/3
f 21/2/3 24/20/3 22/19/3
f 25/2/3 26/19/3 27/3/3
f 25/2/3 28/20/3 26/19/3
f 29/21/4 30/4/4 31/22/4
f 29/21/4 32/23/4 30/4/4
f 33/17/2 34/11/2 35/10/2
f 33/17/2 36/18/2 34/11/2
f 37/17/1 38/11/1 39/10/1
f 37/17/1 40/18/1 38/11/1
f 41/17/1 42/11/1 43/10/1
f 41/17/1 44/18/1 42/11/1
f 45/21/4 46/4/4 47/22/4
f 45/21/4 48/23/4 46/4/4
f 49/2/3 50/19/3 51/3/3
f 49/2/3 52/20/3 50/19/3
f 53/2/3 54/19/3 55/3/3
f 53/2/3 56/20/3 54/19/3
f 57/1/4 58/22/4 59/4/4
f 57/1/4 60/24/4 58/22/4
f 61/1/4 62/22/4 63/4/4
f 61/1/4 64/24/4 62/22/4
f 65/2/3 66/19/3 67/3/3
f 65/2/3 68/20/3 66/19/3
f 69/2/3 70/19/3 71/3/3
f 69/2/3 72/20/3 70/19/3
f 73/1/4 74/22/4 75/4/4
f 73/1/4 76/24/4 74/22/4
f 77/1/4 78/22/4 79/4/4
f 77/1/4 80/24/4 78/22/4
f 81/13/1 82/14/1 83/15/1
f 81/13/1 84/16/1 82/14/1
f 85/9/2 86/10/2 87/11/2
f 85/9/2 88/12/2 86/10/2
f 89/9/2 90/10/2 91/11/2
f 89/9/2 92/12/2 90/10/2
f 93/9/2 94/10/2 95/11/2
f 93/9/2 96/12/2 94/10/2
f 97/5/2 98/6/2 99/7/2
f 97/5/2 100/8/2 98/6/2
f 101/8/1 102/16/1 103/13/1
f 101/8/1 104/5/1 102/16/1
f 105/3/1 106/4/1 107/2/1
f 105/3/1 108/1/1 106/4/1
f 109/3/1 110/4/1 111/2/1
f 109/3/1 112/1/1 110/4/1
f 113/13/1 114/14/1 115/15/1
f 113/13/1 116/16/1 114/14/1
f 117/9/2 118/10/2 119/11/2
f 117/9/2 120/12/2 118/10/2
f 121/9/2 122/10/2 123/11/2
f 121/9/2 124/12/2 122/10/2
f 125/5/2 126/6/2 127/7/2
f 125/5/2 128/8/2 126/6/2
f 129/3/1 130/4/1 131/2/1
f 129/3/1 132/1/1 130/4/1
f 133/8/1 134/16/1 135/13/1
f 133/8/1 136/5/1 134/16/1
f 137/9/2 138/10/2 139/11/2
f 137/9/2 140/12/2 138/10/2
f 141/9/2 142/10/2 143/11/2
f 141/9/2 144/12/2 142/10/2
f 145/5/2 146/6/2 147/7/2
f 145/5/2 148/8/2 146/6/2
f 149/13/1 150/14/1 151/15/1
f 149/13/1 152/16/1 150/14/1
f 153/8/1 154/16/1 155/13/1
f 153/8/1 156/5/1 154/16/1
f 157/4/1 158/3/1 159/1/1
f 157/4/1 160/2/1 158/3/1
f 161/17/2 162/11/2 163/10/2
f 161/17/2 164/18/2 162/11/2
f 165/17/2 166/11/2 167/10/2
f 165/17/2 168/18/2 166/11/2
f 169/17/1 170/11/1 171/10/1
f 169/17/1 172/18/1 170/11/1
f 173/17/1 174/11/1 175/10/1
f 173/17/1 176/18/1 174/11/1
f 177/2/3 178/19/3 179/3/3
f 177/2/3 180/20/3 178/19/3
f 181/2/3 182/19/3 183/3/3
f 181/2/3 184/20/3 182/19/3
f 185/21/4 186/4/4 187/22/4
f 185/21/4 188/23/4 186/4/4
f 189/21/4 190/4/4 191/22/4
f 189/21/4 192/23/4 190/4/4
f 193/3/1 194/4/1 195/2/1
f 193/3/1 196/1/1 194/4/1
f 197/3/1 198/4/1 199/2/1
f 197/3/1 200/1/1 198/4/1
f 201/5/2 202/6/2 203/7/2
f 201/5/2 204/8/2 202/6/2
f 205/9/2 206/10/2 207/11/2
f 205/9/2 208/12/2 206/10/2
f 209/9/2 210/10/2 211/11/2
f 209/9/2 212/12/2 210/10/2
f 213/13/1 214/14/1 215/15/1
f 213/13/1 216/16/1 214/14/1
f 217/8/1 218/16/1 219/13/1
f 217/8/1 220/5/1 218/16/1
f 221/5/2 222/6/2 223/7/2
f 221/5/2 224/8/2 222/6/2
f 225/9/2 226/10/2 227/11/2
f 225/9/2 228/12/2 226/10/2
f 229/9/2 230/10/2 231/11/2
f 229/9/2 232/12/2 230/10/2
f 233/13/1 234/14/1 235/15/1
f 233/13/1 236/16/1 234/14/1
f 237/3/1 238/4/1 239/2/1
f 237/3/1 240/1/1 238/4/1
f 241/1/4 242/22/4 243/4/4
f 241/1/4 244/24/4 242/22/4
f 245/1/4 246/22/4 247/4/4
f 245/1/4 248/24/4 246/22/4
f 249/2/3 250/19/3 251/3/3
f 249/2/3 252/20/3 250/19/3
f 253/2/3 254/19/3 255/3/3
f 253/2/3 256/20/3 254/19/3
f 257/21/4 258/4/4 259/22/4
f 257/21/4 260/23/4 258/4/4
f 261/21/4 262/4/4 263/22/4
f 261/21/4 264/23/4 262/4/4
f 265/2/3 266/19/3 267/3/3
f 265/2/3 268/20/3 266/19/3
f 269/2/3 270/19/3 271/3/3
f 269/2/3 272/20/3 270/19/3
f 273/17/1 274/11/1 275/10/1
f 273/17/1 276/18/1 274/11/1
f 277/17/2 278/11/2 279/10/2
f 277/17/2 280/18/2 278/11/2
f 281/17/1 282/11/1 283/10/1
f 281/17/1 284/18/1 282/11/1
f 285/17/2 286/11/2 287/10/2
f 285/17/2 288/18/2 286/11/2
f 289/17/2 290/11/2 291/10/2
f 289/17/2 292/18/2 290/11/2
f 293/2/3 294/19/3 295/3/3
f 293/2/3 296/20/3 294/19/3
f 297/2/3 298/19/3 299/3/3
f 297/2/3 300/20/3 298/19/3
f 301/21/4 302/4/4 303/22/4
f 301/21/4 304/23/4 302/4/4
f 305/17/2 306/11/2 307/10/2
f 305/17/2 308/18/2 306/11/2
f 309/17/1 310/11/1 311/10/1
f 309/17/1 312/18/1 310/11/1
f 313/17/1 314/11/1 315/10/1
f 313/17/1 316/18/1 314/11/1
f 317/21/4 318/4/4 319/22/4
f 317/21/4 320/23/4 318/4/4
f 321/2/3 322/19/3 323/3/3
f 321/2/3 324/20/3 322/19/3
f 325/2/3 326/19/3 327/3/3
f 325/2/3 328/20/3 326/19/3
f 329/1/4 330/22/4 331/4/4
f 329/1/4 332/24/4 330/22/4
f 333/1/4 334/22/4 335/4/4
f 333/1/4 336/24/4 334/22/4
f 337/13/1 338/14/1 339/15/1
f 337/13/1 340/16/1 338/14/1
f 341/9/2 342/10/2 343/11/2
f 341/9/2 344/12/2 342/10/2
f 345/9/2 346/10/2 347/11/2
f 345/9/2 348/12/2 346/10/2
f 349/5/2 350/6/2 351/7/2
f 349/5/2 352/8/2 350/6/2
f 353/3/1 354/4/1 355/2/1
f 353/3/1 356/1/1 354/4/1
f 357/8/1 358/16/1 359/13/1
f 357/8/1 360/5/1 358/16/1
f 361/9/2 362/10/2 363/11/2
f 361/9/2 364/12/2 362/10/2
f 365/9/2 366/10/2 367/11/2
f 365/9/2 368/12/2 366/10/2
f 369/5/2 370/6/2 371/7/2
f 369/5/2 372/8/2 370/6/2
f 373/13/1 374/14/1 375/15/1
f 373/13/1 376/16/1 374/14/1
f 377/8/1 378/16/1 379/13/1
f 377/8/1 380/5/1 378/16/1
f 381/4/1 382/3/1 383/1/1
f 381/4/1 384/2/1 382/3/1
f 385/3/1 386/4/1 387/2/1
f 385/3/1 388/1/1 386/4/1
f 389/3/1 390/4/1 391/2/1
f 389/3/1 392/1/1 390/4/1
f 393/1/1 394/2/1 395/3/1
f 393/1/1 396/4/1 394/2/1
f 397/5/2 398/6/2 399/7/2
f 397/5/2 400/8/2 398/6/2
f 401/5/2 402/6/2 403/7/2
f 401/5/2 404/8/2 402/6/2
f 405/9/2 406/10/2 407/11/2
f 405/9/2 408/12/2 406/10/2
f 409/9/2 410/10/2 411/11/2
f 409/9/2 412/12/2 410/10/2
f 413/9/2 414/10/2 415/11/2
f 413/9/2 416/12/2 414/10/2
f 417/13/1 418/14/1 419/15/1
f 417/13/1 420/16/1 418/14/1
f 421/13/1 422/14/1 423/15/1
f 421/13/1 424/16/1 422/14/1
f 425/8/1 426/16/1 427/13/1
f 425/8/1 428/5/1 426/16/1
f 429/5/2 430/6/2 431/7/2
f 429/5/2 432/8/2 430/6/2
f 433/9/2 434/10/2 435/11/2
f 433/9/2 436/12/2 434/10/2
f 437/9/2 438/10/2 439/11/2
f 437/9/2 440/12/2 438/10/2
f 441/13/1 442/14/1 443/15/1
f 441/13/1 444/16/1 442/14/1
f 445/3/1 446/4/1 447/2/1
f 445/3/1 448/1/1 446/4/1
f 449/1/4 450/22/4 451/4/4
f 449/1/4 452/24/4 450/22/4
f 453/1/4 454/22/4 455/4/4
f 453/1/4 456/24/4 454/22/4
f 457/2/3 458/19/3 459/3/3
f 457/2/3 460/20/3 458/19/3
f 461/2/3 462/19/3 463/3/3
f 461/2/3 464/20/3 462/19/3
f 465/21/4 466/4/4 467/22/4
f 465/21/4 468/23/4 466/4/4
f 469/21/4 470/4/4 471/22/4
f 469/21/4 472/23/4 470/4/4
f 473/2/3 474/19/3 475/3/3
f 473/2/3 476/20/3 474/19/3
f 477/2/3 478/19/3 479/3/3
f 477/2/3 480/20/3 478/19/3
f 481/17/1 482/11/1 483/10/1
f 481/17/1 484/18/1 482/11/1
f 485/17/2 486/11/2 487/10/2
f 485/17/2 488/18/2 486/11/2
f 489/17/1 490/11/1 491/10/1
f 489/17/1 492/18/1 490/11/1
f 493/17/2 494/11/2 495/10/2
f 493/17/2 496/18/2 494/11/2
f 497/2/3 498/19/3 499/3/3
f 497/2/3 500/20/3 498/19/3
f 501/2/3 502/19/3 503/3/3
f 501/2/3 504/20/3 502/19/3
f 505/1/4 506/22/4 507/4/4
f 505/1/4 508/24/4 506/22/4
f 509/1/4 510/22/4 511/4/4
f 509/1/4 512/24/4 510/22/4
f 513/13/1 514/14/1 515/15/1
f 513/13/1 516/16/1 514/14/1
f 517/9/2 518/10/2 519/11/2
f 517/9/2 520/12/2 518/10/2
f 521/9/2 522/10/2 523/11/2
f 521/9/2 524/12/2 522/10/2
f 525/9/2 526/10/2 527/11/2
f 525/9/2 528/12/2 526/10/2
f 529/5/2 530/6/2 531/7/2
f 529/5/2 532/8/2 530/6/2
f 533/8/1 534/16/1 535/13/1
f 533/8/1 536/5/1 534/16/1
f 537/3/1 538/4/1 539/2/1
f 537/3/1 540/1/1 538/4/1
f 541/3/1 542/4/1 543/2/1
f 541/3/1 544/1/1 542/4/1
f 545/17/2 546/11/2 547/10/2
f 545/17/2 548/18/2 546/11/2
f 549/17/2 550/11/2 551/10/2
f 549/17/2 552/18/2 550/11/2
f 553/17/1 554/11/1 555/10/1
f 553/17/1 556/18/1 554/11/1
f 557/17/1 558/11/1 559/10/1
f 557/17/1 560/18/1 558/11/1
f 561/2/3 562/19/3 563/3/3
f 561/2/3 564/20/3 562/19/3
f 565/2/3 566/19/3 567/3/3
f 565/2/3 568/20/3 566/19/3
f 569/21/4 570/4/4 571/22/4
f 569/21/4 572/23/4 570/4/4
f 573/21/4 574/4/4 575/22/4
f 573/21/4 576/23/4 574/4/4
f 577/1/1 578/2/1 579/3/1
f 577/1/1 580/4/1 578/2/1
f 581/5/2 582/6/2 583/7/2
f 581/5/2 584/8/2 582/6/2
f 585/9/2 586/10/2 587/11/2
f 585/9/2 588/12/2 586/10/2
f 589/13/1 590/14/1 591/15/1
f 589/13/1 592/16/1 590/14/1
f 593/17/2 594/11/2 595/10/2
f 593/17/2 596/18/2 594/11/2
f 597/2/3 598/19/3 599/3/3
f 597/2/3 600/20/3 598/19/3
f 601/2/3 602/19/3 603/3/3
f 601/2/3 604/20/3 602/19/3
f 605/21/4 606/4/4 607/22/4
f 605/21/4 608/23/4 606/4/4
f 609/17/2 610/11/2 611/10/2
f 609/17/2 612/18/2 610/11/2
f 613/17/1 614/11/1 615/10/1
f 613/17/1 616/18/1 614/11/1
f 617/17/1 618/11/1 619/10/1
f 617/17/1 620/18/1 618/11/1
f 621/21/4 622/4/4 623/22/4
f 621/21/4 624/23/4 622/4/4
f 625/2/3 626/19/3 627/3/3
f 625/2/3 628/20/3 626/19/3
f 629/2/3 630/19/3 631/3/3
f 629/2/3 632/20/3 630/19/3
f 633/1/4 634/22/4 635/4/4
f 633/1/4 636/24/4 634/22/4
f 637/1/4 638/22/4 639/4/4
f 637/1/4 640/24/4 638/22/4
f 641/2/3 642/19/3 643/3/3
f 641/2/3 644/20/3 642/19/3
f 645/2/3 646/19/3 647/3/3
f 645/2/3 648/20/3 646/19/3
f 649/1/4 650/22/4 651/4/4
f 649/1/4 652/24/4 650/22/4
f 653/1/4 654/22/4 655/4/4
f 653/1/4 656/24/4 654/22/4
f 657/13/1 658/14/1 659/15/1
f 657/13/1 660/16/1 658/14/1
f 661/9/2 662/10/2 663/11/2
f 661/9/2 664/12/2 662/10/2
f 665/9/2 666/10/2 667/11/2
f 665/9/2 668/12/2 666/10/2
f 669/9/2 670/10/2 671/11/2
f 669/9/2 672/12/2 670/10/2
f 673/5/2 674/6/2 675/7/2
f 673/5/2 676/8/2 674/6/2
f 677/8/1 678/16/1 679/13/1
f 677/8/1 680/5/1 678/16/1
f 681/3/1 682/4/1 683/2/1
f 681/3/1 684/1/1 682/4/1
f 685/3/1 686/4/1 687/2/1
f 685/3/1 688/1/1 686/4/1
f 689/13/1 690/14/1 691/15/1
f 689/13/1 692/16/1 690/14/1
f 693/9/2 694/10/2 695/11/2
f 693/9/2 696/12/2 694/10/2
f 697/9/2 698/10/2 699/11/2
f 697/9/2 700/12/2 698/10/2
f 701/5/2 702/6/2 703/7/2
f 701/5/2 704/8/2 702/6/2
f 705/3/1 706/4/1 707/2/1
f 705/3/1 708/1/1 706/4/1
f 709/8/1 710/16/1 711/13/1
f 709/8/1 712/5/1 710/16/1
f 713/9/2 714/10/2 715/11/2
f 713/9/2 716/12/2 714/10/2
f 717/9/2 718/10/2 719/11/2
f 717/9/2 720/12/2 718/10/2
f 721/5/2 722/6/2 723/7/2
f 721/5/2 724/8/2 722/6/2
f 725/13/1 726/14/1 727/15/1
f 725/13/1 728/16/1 726/14/1
f 729/8/1 730/16/1 731/13/1
f 729/8/1 732/5/1 730/16/1
f 733/4/1 734/3/1 735/1/1
f 733/4/1 736/2/1 734/3/1
f 737/17/2 738/11/2 739/10/2
f 737/17/2 740/18/2 738/11/2
f 741/17/2 742/11/2 743/10/2
f 741/17/2 744/18/2 742/11/2
f 745/17/1 746/11/1 747/10/1
f 745/17/1 748/18/1 746/11/1
f 749/17/1 750/11/1 751/10/1
f 749/17/1 752/18/1 750/11/1
f 753/2/3 754/19/3 755/3/3
f 753/2/3 756/20/3 754/19/3
f 757/2/3 758/19/3 759/3/3
f 757/2/3 760/20/3 758/19/3
f 761/21/4 762/4/4 763/22/4
f 761/21/4 764/23/4 762/4/4
f 765/21/4 766/4/4 767/22/4
f 765/21/4 768/23/4 766/4/4
f 769/3/1 770/4/1 771/2/1
f 769/3/1 772/1/1 770/4/1
f 773/3/1 774/4/1 775/2/1
f 773/3/1 776/1/1 774/4/1
f 777/5/2 778/6/2 779/7/2
f 777/5/2 780/8/2 778/6/2
f 781/9/2 782/10/2 783/11/2
f 781/9/2 784/12/2 782/10/2
f 785/9/2 786/10/2 787/11/2
f 785/9/2 788/12/2 786/10/2
f 789/13/1 790/14/1 791/15/1
f 789/13/1 792/16/1 790/14/1
f 793/8/1 794/16/1 795/13/1
f 793/8/1 796/5/1 794/16/1
f 797/5/2 798/6/2 799/7/2
f 797/5/2 800/8/2 798/6/2
f 801/9/2 802/10/2 803/11/2
f 801/9/2 804/12/2 802/10/2
f 805/9/2 806/10/2 807/11/2
f 805/9/2 808/12/2 806/10/2
f 809/13/1 810/14/1 811/15/1
f 809/13/1 812/16/1 810/14/1
f 813/3/1 814/4/1 815/2/1
f 813/3/1 816/1/1 814/4/1
f 817/1/4 818/22/4 819/4/4
f 817/1/4 820/24/4 818/22/4
f 821/1/4 822/22/4 823/4/4
f 821/1/4 824/24/4 822/22/4
f 825/2/3 826/19/3 827/3/3
f 825/2/3 828/20/3 826/19/3
f 829/2/3 830/19/3 831/3/3
f 829/2/3 832/20/3 830/19/3
f 833/21/4 834/4/4 835/22/4
f 833/21/4 836/23/4 834/4/4
f 837/21/4 838/4/4 839/22/4
f 837/21/4 840/23/4 838/4/4
f 841/2/3 842/19/3 843/3/3
f 841/2/3 844/20/3 842/19/3
f 845/2/3 846/19/3 847/3/3
f 845/2/3 848/20/3 846/19/3
f 849/17/1 850/11/1 851/10/1
f 849/17/1 852/18/1 850/11/1
f 853/17/2 854/11/2 855/10/2
f 853/17/2 856/18/2 854/11/2
f 857/17/1 858/11/1 859/10/1
f 857/17/1 860/18/1 858/11/1
f 861/17/2 862/11/2 863/10/2
f 861/17/2 864/18/2 862/11/2
f 865/17/2 866/11/2 867/10/2
f 865/17/2 868/18/2 866/11/2
f 869/2/3 870/19/3 871/3/3
f 869/2/3 872/20/3 870/19/3
f 873/2/3 874/19/3 875/3/3
f 873/2/3 876/20/3 874/19/3
f 877/21/4 878/4/4 879/22/4
f 877/21/4 880/23/4 878/4/4
f 881/17/2 882/11/2 883/10/2
f 881/17/2 884/18/2 882/11/2
f 885/17/1 886/11/1 887/10/1
f 885/17/1 888/18/1 886/11/1
f 889/17/1 890/11/1 891/10/1
f 889/17/1 892/18/1 890/11/1
f 893/21/4 894/4/4 895/22/4
f 893/21/4 896/23/4 894/4/4
f 897/2/3 898/19/3 899/3/3
f 897/2/3 900/20/3 898/19/3
f 901/2/3 902/19/3 903/3/3
f 901/2/3 904/20/3 902/19/3
f 905/1/4 906/22/4 907/4/4
f 905/1/4 908/24/4 906/22/4
f 909/1/4 910/22/4 911/4/4
f 909/1/4 912/24/4 910/22/4
f 913/13/1 914/14/1 915/15/1
f 913/13/1 916/16/1 914/14/1
f 917/9/2 918/10/2 919/11/2
f 917/9/2 920/12/2 918/10/2
f 921/9/2 922/10/2 923/11/2
f 921/9/2 924/12/2 922/10/2
f 925/5/2 926/6/2 927/7/2
f 925/5/2 928/8/2 926/6/2
f 929/3/1 930/4/1 931/2/1
f 929/3/1 932/1/1 930/4/1
f 933/8/1 934/16/1 935/13/1
f 933/8/1 936/5/1 934/16/1
f 937/9/2 938/10/2 939/11/2
f 937/9/2 940/12/2 938/10/2
f 941/9/2 942/10/2 943/11/2
f 941/9/2 944/12/2 942/10/2
f 945/5/2 946/6/2 947/7/2
f 945/5/2 948/8/2 946/6/2
f 949/13/1 950/14/1 951/15/1
f 949/13/1 952/16/1 950/14/1
f 953/8/1 954/16/1 955/13/1
f 953/8/1 956/5/1 954/16/1
f 957/4/1 958/3/1 959/1/1
f 957/4/1 960/2/1 958/3/1
f 961/3/1 962/4/1 963/2/1
f 961/3/1 964/1/1 962/4/1
f 965/3/1 966/4/1 967/2/1
f 965/3/1 968/1/1 966/4/1
f 969/1/1 970/2/1 971/3/1
f 969/1/1 972/4/1 970/2/1
f 973/5/2 974/6/2 975/7/2
f 973/5/2 976/8/2 974/6/2
f 977/5/2 978/6/2 979/7/2
f 977/5/2 980/8/2 978/6/2
f 981/9/2 982/10/2 983/11/2
f 981/9/2 984/12/2 982/10/2
f 985/9/2 986/10/2 987/11/2
f 985/9/2 988/12/2 986/10/2
f 989/9/2 990/10/2 991/11/2
f 989/9/2 992/12/2 990/10/2
f 993/13/1 994/14/1 995/15/1
f 993/13/1 996/16/1 994/14/1
f 997/13/1 998/14/1 999/15/1
f 997/13/1 1000/16/1 998/14/1
f 1001/8/1 1002/16/1 1003/13/1
f 1001/8/1 1004/5/1 1002/16/1
f 1005/5/2 1006/6/2 1007/7/2
f 1005/5/2 1008/8/2 1006/6/2
f 1009/9/2 1010/10/2 1011/11/2
f 1009/9/2 1012/12/2 1010/10/2
f 1013/9/2 1014/10/2 1015/11/2
f 1013/9/2 1016/12/2 1014/10/2
f 1017/13/1 1018/14/1 1019/15/1
f 1017/13/1 1020/16/1 1018/14/1
f 1021/3/1 1022/4/1 1023/2/1
f 1021/3/1 1024/1/1 1022/4/1
f 1025/1/4 1026/22/4 1027/4/4
f 1025/1/4 1028/24/4 1026/22/4
f 1029/1/4 1030/22/4 1031/4/4
f 1029/1/4 1032/24/4 1030/22/4
f 1033/2/3 1034/19/3 1035/3/3
f 1033/2/3 1036/20/3 1034/19/3
f 1037/2/3 1038/19/3 1039/3/3
f 1037/2/3 1040/20/3 1038/19/3
f 1041/21/4 1042/4/4 1043/22/4
f 1041/21/4 1044/23/4 1042/4/4
f 1045/21/4 1046/4/4 1047/22/4
f 1045/21/4 1048/23/4 1046/4/4
f 1049/2/3 1050/19/3 1051/3/3
f 1049/2/3 1052/20/3 1050/19/3
f 1053/2/3 1054/19/3 1055/3/3
f 1053/2/3 1056/20/3 1054/19/3
f 1057/17/1 1058/11/1 1059/10/1
f 1057/17/1 1060/18/1 1058/11/1
f 1061/17/2 1062/11/2 1063/10/2
f 1061/17/2 1064/18/2 1062/11/2
f 1065/17/1 1066/11/1 1067/10/1
f 1065/17/1 1068/18/1 1066/11/1
f 1069/17/2 1070/11/2 1071/10/2
f 1069/17/2 1072/18/2 1070/11/2
f 1073/2/3 1074/19/3 1075/3/3
f 1073/2/3 1076/20/3 1074/19/3
f 1077/2/3 1078/19/3 1079/3/3
f 1077/2/3 1080/20/3 1078/19/3
f 1081/1/4 1082/22/4 1083/4/4
f 1081/1/4 1084/24/4 1082/22/4
f 1085/1/4 1086/22/4 1087/4/4
f 1085/1/4 1088/24/4 1086/22/4
f 1089/13/1 1090/14/1 1091/15/1
f 1089/13/1 1092/16/1 1090/14/1
f 1093/9/2 1094/10/2 1095/11/2
f 1093/9/2 1096/12/2 1094/10/2
f 1097/9/2 1098/10/2 1099/11/2
f 1097/9/2 1100/12/2 1098/10/2
f 1101/9/2 1102/10/2 1103/11/2
f 1101/9/2 1104/12/2 1102/10/2
f 1105/5/2 1106/6/2 1107/7/2
f 1105/5/2 1108/8/2 1106/6/2
f 1109/8/1 1110/16/1 1111/13/1
f 1109/8/1 1112/5/1 1110/16/1
f 1113/3/1 1114/4/1 1115/2/1
f 1113/3/1 1116/1/1 1114/4/1
f 1117/3/1 1118/4/1 1119/2/1
f 1117/3/1 1120/1/1 1118/4/1
f 1121/17/2 1122/11/2 1123/10/2
f 1121/17/2 1124/18/2 1122/11/2
f 1125/17/2 1126/11/2 1127/10/2
f 1125/17/2 1128/18/2 1126/11/2
f 1129/17/1 1130/11/1 1131/10/1
f 1129/17/1 1132/18/1 1130/11/1
f 1133/17/1 1134/11/1 1135/10/1
f 1133/17/1 1136/18/1 1134/11/1
f 1137/2/3 1138/19/3 1139/3/3
f 1137/2/3 1140/20/3 1138/19/3
f 1141/2/3 1142/19/3 1143/3/3
f 1141/2/3 1144/20/3 1142/19/3
f 1145/21/4 1146/4/4 1147/22/4
f 1145/21/4 1148/23/4 1146/4/4
f 1149/21/4 1150/4/4 1151/22/4
f 1149/21/4 1152/23/4 1150/4/4
f 1153/23/4 1154/22/4 1155/21/4
f 1153/23/4 1156/4/4 1154/22/4
f 1157/4/3 1158/25/3 1159/2/3
f 1157/4/3 1160/23/3 1158/25/3
f 1161/4/3 1162/24/3 1163/22/3
f 1161/4/3 1164/1/3 1162/24/3
f 1165/4/4 1166/24/4 1167/22/4
f 1165/4/4 1168/1/4 1166/24/4
f 1169/4/4 1170/24/4 1171/22/4
f 1169/4/4 1172/1/4 1170/24/4
f 1173/4/3 1174/24/3 1175/22/3
f 1173/4/3 1176/1/3 1174/24/3
f 1177/4/3 1178/24/3 1179/22/3
f 1177/4/3 1180/1/3 1178/24/3
f 1181/4/4 1182/24/4 1183/22/4
f 1181/4/4 1184/1/4 1182/24/4
f 1185/4/3 1186/24/3 1187/22/3
f 1185/4/3 1188/1/3 1186/24/3
f 1189/4/4 1190/24/4 1191/22/4
f 1189/4/4 1192/1/4 1190/24/4
f 1193/23/4 1194/22/4 1195/21/4
f 1193/23/4 1196/4/4 1194/22/4
f 1197/4/3 1198/25/3 1199/2/3
f 1197/4/3 1200/23/3 1198/25/3
f 1201/4/3 1202/25/3 1203/2/3
f 1201/4/3 1204/23/3 1202/25/3
f 1205/23/4 1206/22/4 1207/21/4
f 1205/23/4 1208/4/4 1206/22/4
f 1209/4/3 1210/25/3 1211/2/3
f 1209/4/3 1212/23/3 1210/25/3
f 1213/23/4 1214/22/4 1215/21/4
f 1213/23/4 1216/4/4 1214/22/4
f 1217/23/4 1218/22/4 1219/21/4
f 1217/23/4 1220/4/4 1218/22/4
f 1221/23/4 1222/22/4 1223/21/4
f 1221/23/4 1224/4/4 1222/22/4
f 1225/4/3 1226/25/3 1227/2/3
f 1225/4/3 1228/23/3 1226/25/3
f 1229/4/3 1230/25/3 1231/2/3
f 1229/4/3 1232/23/3 1230/25/3
f 1233/4/3 1234/24/3 1235/22/3
f 1233/4/3 1236/1/3 1234/24/3
f 1237/4/4 1238/24/4 1239/22/4
f 1237/4/4 1240/1/4 1238/24/4
f 1241/3/3 1242/20/3 1243/19/3
f 1241/3/3 1244/2/3 1242/20/3
f 1245/4/4 1246/24/4 1247/22/4
f 1245/4/4 1248/1/4 1246/24/4
f 1249/4/3 1250/24/3 1251/22/3
f 1249/4/3 1252/1/3 1250/24/3
f 1253/4/4 1254/24/4 1255/22/4
f 1253/4/4 1256/1/4 1254/24/4
f 1257/4/3 1258/24/3 1259/22/3
f 1257/4/3 1260/1/3 1258/24/3
f 1261/4/4 1262/24/4 1263/22/4
f 1261/4/4 1264/1/4 1262/24/4
f 1265/4/3 1266/25/3 1267/2/3
f 1265/4/3 1268/23/3 1266/25/3
f 1269/23/4 1270/22/4 1271/21/4
f 1269/23/4 1272/4/4 1270/22/4
f 1273/4/3 1274/25/3 1275/2/3
f 1273/4/3 1276/23/3 1274/25/3
f 1277/23/4 1278/22/4 1279/21/4
f 1277/23/4 1280/4/4 1278/22/4
f 1281/23/4 1282/22/4 1283/21/4
f 1281/23/4 1284/4/4 1282/22/4
f 1285/23/4 1286/22/4 1287/21/4
f 1285/23/4 1288/4/4 1286/22/4
f 1289/23/4 1290/22/4 1291/21/4
f 1289/23/4 1292/4/4 1290/22/4
f 1293/4/3 1294/25/3 1295/2/3
f 1293/4/3 1296/23/3 1294/25/3
f 1297/4/3 1298/25/3 1299/2/3
f 1297/4/3 1300/23/3 1298/25/3
f 1301/4/3 1302/25/3 1303/2/3
f 1301/4/3 1304/23/3 1302/25/3
f 1305/4/3 1306/24/3 1307/22/3
f 1305/4/3 1308/1/3 1306/24/3
f 1309/4/3 1310/24/3 1311/22/3
f 1309/4/3 1312/1/3 1310/24/3
f 1313/4/4 1314/24/4 1315/22/4
f 1313/4/4 1316/1/4 1314/24/4
f 1317/4/4 1318/24/4 1319/22/4
f 1317/4/4 1320/1/4 1318/24/4
f 1321/3/3 1322/20/3 1323/19/3
f 1321/3/3 1324/2/3 1322/20/3
f 1325/4/4 1326/24/4 1327/22/4
f 1325/4/4 1328/1/4 1326/24/4
f 1329/4/4 1330/24/4 1331/22/4
f 1329/4/4 1332/1/4 1330/24/4
f 1333/4/3 1334/24/3 1335/22/3
f 1333/4/3 1336/1/3 1334/24/3
f 1337/23/4 1338/22/4 1339/21/4
f 1337/23/4 1340/4/4 1338/22/4
f 1341/4/3 1342/25/3 1343/2/3
f 1341/4/3 1344/23/3 1342/25/3
f 1345/23/4 1346/22/4 1347/21/4
f 1345/23/4 1348/4/4 1346/22/4
f 1349/4/3 1350/25/3 1351/2/3
f 1349/4/3 1352/23/3 1350/25/3
f 1353/4/3 1354/24/3 1355/22/3
f 1353/4/3 1356/1/3 1354/24/3
f 1357/4/4 1358/24/4 1359/22/4
f 1357/4/4 1360/1/4 1358/24/4
f 1361/4/4 1362/24/4 1363/22/4
f 1361/4/4 1364/1/4 1362/24/4
f 1365/4/3 1366/24/3 1367/22/3
f 1365/4/3 1368/1/3 1366/24/3
f 1369/4/3 1370/24/3 1371/22/3
f 1369/4/3 1372/1/3 1370/24/3
f 1373/4/4 1374/24/4 1375/22/4
f 1373/4/4 1376/1/4 1374/24/4
f 1377/4/3 1378/24/3 1379/22/3
f 1377/4/3 1380/1/3 1378/24/3
f 1381/4/4 1382/24/4 1383/22/4
f 1381/4/4 1384/1/4 1382/24/4
f 1385/23/4 1386/22/4 1387/21/4
f 1385/23/4 1388/4/4 1386/22/4
f 1389/4/3 1390/25/3 1391/2/3
f 1389/4/3 1392/23/3 1390/25/3
f 1393/4/3 1394/25/3 1395/2/3
f 1393/4/3 1396/23/3 1394/25/3
f 1397/23/4 1398/22/4 1399/21/4
f 1397/23/4 1400/4/4 1398/22/4
f 1401/4/3 1402/25/3 1403/2/3
f 1401/4/3 1404/23/3 1402/25/3
f 1405/23/4 1406/22/4 1407/21/4
f 1405/23/4 1408/4/4 1406/22/4
f 1409/23/4 1410/22/4 1411/21/4
f 1409/23/4 1412/4/4 1410/22/4
f 1413/23/4 1414/22/4 1415/21/4
f 1413/23/4 1416/4/4 1414/22/4
f 1417/4/3 1418/25/3 1419/2/3
f 1417/4/3 1420/23/3 1418/25/3
f 1421/4/3 1422/25/3 1423/2/3
f 1421/4/3 1424/23/3 1422/25/3
f 1425/4/3 1426/24/3 1427/22/3
f 1425/4/3 1428/1/3 1426/24/3
f 1429/4/4 1430/24/4 1431/22/4
f 1429/4/4 1432/1/4 1430/24/4
f 1433/3/3 1434/20/3 1435/19/3
f 1433/3/3 1436/2/3 1434/20/3
f 1437/4/4 1438/24/4 1439/22/4
f 1437/4/4 1440/1/4 1438/24/4
f 1441/4/3 1442/24/3 1443/22/3
f 1441/4/3 1444/1/3 1442/24/3
f 1445/4/4 1446/24/4 1447/22/4
f 1445/4/4 1448/1/4 1446/24/4
f 1449/4/3 1450/24/3 1451/22/3
f 1449/4/3 1452/1/3 1450/24/3
f 1453/4/4 1454/24/4 1455/22/4
f 1453/4/4 1456/1/4 1454/24/4
f 1457/4/3 1458/25/3 1459/2/3
f 1457/4/3 1460/23/3 1458/25/3
f 1461/23/4 1462/22/4 1463/21/4
f 1461/23/4 1464/4/4 1462/22/4
f 1465/4/3 1466/25/3 1467/2/3
f 1465/4/3 1468/23/3 1466/25/3
f 1469/23/4 1470/22/4 1471/21/4
f 1469/23/4 1472/4/4 1470/22/4
f 1473/23/4 1474/22/4 1475/21/4
f 1473/23/4 1476/4/4 1474/22/4
f 1477/23/4 1478/22/4 1479/21/4
f 1477/23/4 1480/4/4 1478/22/4
f 1481/23/4 1482/22/4 1483/21/4
f 1481/23/4 1484/4/4 1482/22/4
f 1485/4/3 1486/25/3 1487/2/3
f 1485/4/3 1488/23/3 1486/25/3
f 1489/4/3 1490/25/3 1491/2/3
f 1489/4/3 1492/23/3 1490/25/3
f 1493/4/3 1494/25/3 1495/2/3
f 1493/4/3 1496/23/3 1494/25/3
f 1497/4/3 1498/24/3 1499/22/3
f 1497/4/3 1500/1/3 1498/24/3
f 1501/4/3 1502/24/3 1503/22/3
f 1501/4/3 1504/1/3 1502/24/3
f 1505/4/4 1506/24/4 1507/22/4
f 1505/4/4 1508/1/4 1506/24/4
f 1509/4/4 1510/24/4 1511/22/4
f 1509/4/4 1512/1/4 1510/24/4
f 1513/3/3 1514/20/3 1515/19/3
f 1513/3/3 1516/2/3 1514/20/3
f 1517/4/4 1518/24/4 1519/22/4
f 1517/4/4 1520/1/4 1518/24/4
f 1521/4/4 1522/24/4 1523/22/4
f 1521/4/4 1524/1/4 1522/24/4
f 1525/4/3 1526/24/3 1527/22/3
f 1525/4/3 1528/1/3 1526/24/3
f 1529/23/4 1530/22/4 1531/21/4
f 1529/23/4 1532/4/4 1530/22/4
f 1533/4/3 1534/25/3 1535/2/3
f 1533/4/3 1536/23/3 1534/25/3
f 1537/5/2 1538/6/2 1539/7/2
f 1537/5/2 1540/8/2 1538/6/2
f 1541/13/1 1542/14/1 1543/15/1
f 1541/13/1 1544/16/1 1542/14/1
f 1545/13/2 1546/14/2 1547/15/2
f 1545/13/2 1548/16/2 1546/14/2
f 1549/13/1 1550/14/1 1551/15/1
f 1549/13/1 1552/16/1 1550/14/1
f 1553/13/1 1554/14/1 1555/15/1
f 1553/13/1 1556/16/1 1554/14/1
f 1557/9/2 1558/10/2 1559/11/2
f 1557/9/2 1560/12/2 1558/10/2
f 1561/9/2 1562/10/2 1563/11/2
f 1561/9/2 1564/12/2 1562/10/2
f 1565/9/2 1566/10/2 1567/11/2
f 1565/9/2 1568/12/2 1566/10/2
f 1569/9/2 1570/10/2 1571/11/2
f 1569/9/2 1572/12/2 1570/10/2
f 1573/5/2 1574/6/2 1575/7/2
f 1573/5/2 1576/8/2 1574/6/2
f 1577/1/1 1578/2/1 1579/3/1
f 1577/1/1 1580/4/1 1578/2/1
f 1581/8/1 1582/16/1 1583/13/1
f 1581/8/1 1584/5/1 1582/16/1
f 1585/3/1 1586/4/1 1587/2/1
f 1585/3/1 1588/1/1 1586/4/1
f 1589/3/1 1590/4/1 1591/2/1
f 1589/3/1 1592/1/1 1590/4/1
f 1593/13/1 1594/14/1 1595/15/1
f 1593/13/1 1596/16/1 1594/14/1
f 1597/9/2 1598/10/2 1599/11/2
f 1597/9/2 1600/12/2 1598/10/2
f 1601/9/2 1602/10/2 1603/11/2
f 1601/9/2 1604/12/2 1602/10/2
f 1605/5/2 1606/6/2 1607/7/2
f 1605/5/2 1608/8/2 1606/6/2
f 1609/3/1 1610/4/1 1611/2/1
f 1609/3/1 1612/1/1 1610/4/1
f 1613/8/1 1614/16/1 1615/13/1
f 1613/8/1 1616/5/1 1614/16/1
f 1617/9/2 1618/10/2 1619/11/2
f 1617/9/2 1620/12/2 1618/10/2
f 1621/9/2 1622/10/2 1623/11/2
f 1621/9/2 1624/12/2 1622/10/2
f 1625/8/1 1626/16/1 1627/13/1
f 1625/8/1 1628/5/1 1626/16/1
f 1629/4/1 1630/3/1 1631/1/1
f 1629/4/1 1632/2/1 1630/3/1
f 1633/17/2 1634/11/2 1635/10/2
f 1633/17/2 1636/18/2 1634/11/2
f 1637/17/2 1638/11/2 1639/10/2
f 1637/17/2 1640/18/2 1638/11/2
f 1641/17/1 1642/11/1 1643/10/1
f 1641/17/1 1644/18/1 1642/11/1
f 1645/17/1 1646/11/1 1647/10/1
f 1645/17/1 1648/18/1 1646/11/1
f 1649/2/3 1650/19/3 1651/3/3
f 1649/2/3 1652/20/3 1650/19/3
f 1653/2/3 1654/19/3 1655/3/3
f 1653/2/3 1656/20/3 1654/19/3
f 1657/4/4 1658/21/4 1659/23/4
f 1657/4/4 1660/22/4 1658/21/4
f 1661/4/4 1662/21/4 1663/23/4
f 1661/4/4 1664/22/4 1662/21/4
f 1665/17/1 1666/11/1 1667/10/1
f 1665/17/1 1668/18/1 1666/11/1
f 1669/17/2 1670/11/2 1671/10/2
f 1669/17/2 1672/18/2 1670/11/2
f 1673/17/1 1674/11/1 1675/10/1
f 1673/17/1 1676/18/1 1674/11/1
f 1677/17/2 1678/11/2 1679/10/2
f 1677/17/2 1680/18/2 1678/11/2
f 1681/2/3 1682/19/3 1683/3/3
f 1681/2/3 1684/20/3 1682/19/3
f 1685/2/3 1686/19/3 1687/3/3
f 1685/2/3 1688/20/3 1686/19/3
f 1689/4/4 1690/21/4 1691/23/4
f 1689/4/4 1692/22/4 1690/21/4
f 1693/4/4 1694/21/4 1695/23/4
f 1693/4/4 1696/22/4 1694/21/4
f 1697/2/3 1698/19/3 1699/3/3
f 1697/2/3 1700/20/3 1698/19/3
f 1701/2/3 1702/19/3 1703/3/3
f 1701/2/3 1704/20/3 1702/19/3
f 1705/1/4 1706/22/4 1707/4/4
f 1705/1/4 1708/24/4 1706/22/4
f 1709/1/4 1710/22/4 1711/4/4
f 1709/1/4 1712/24/4 1710/22/4
f 1713/2/3 1714/19/3 1715/3/3
f 1713/2/3 1716/20/3 1714/19/3
f 1717/2/3 1718/19/3 1719/3/3
f 1717/2/3 1720/20/3 1718/19/3
f 1721/1/4 1722/22/4 1723/4/4
f 1721/1/4 1724/24/4 1722/22/4
f 1725/1/4 1726/22/4 1727/4/4
f 1725/1/4 1728/24/4 1726/22/4
f 1729/2/3 1730/19/3 1731/3/3
f 1729/2/3 1732/20/3 1730/19/3
f 1733/2/3 1734/19/3 1735/3/3
f 1733/2/3 1736/20/3 1734/19/3
f 1737/2/3 1738/19/3 1739/3/3
f 1737/2/3 1740/20/3 1738/19/3
f 1741/2/3 1742/19/3 1743/3/3
f 1741/2/3 1744/20/3 1742/19/3
f 1745/1/4 1746/22/4 1747/4/4
f 1745/1/4 1748/24/4 1746/22/4
f 1749/1/4 1750/22/4 1751/4/4
f 1749/1/4 1752/24/4 1750/22/4
f 1753/1/4 1754/22/4 1755/4/4
f 1753/1/4 1756/24/4 1754/22/4
f 1757/1/4 1758/22/4 1759/4/4
f 1757/1/4 1760/24/4 1758/22/4
f 1761/2/3 1762/19/3 1763/3/3
f 1761/2/3 1764/20/3 1762/19/3
f 1765/2/3 1766/19/3 1767/3/3
f 1765/2/3 1768/20/3 1766/19/3
f 1769/2/3 1770/19/3 1771/3/3
f 1769/2/3 1772/20/3 1770/19/3
f 1773/2/3 1774/19/3 1775/3/3
f 1773/2/3 1776/20/3 1774/19/3
f 1777/1/4 1778/22/4 1779/4/4
f 1777/1/4 1780/24/4 1778/22/4
f 1781/1/4 1782/22/4 1783/4/4
f 1781/1/4 1784/24/4 1782/22/4
f 1785/1/4 1786/22/4 1787/4/4
f 1785/1/4 1788/24/4 1786/22/4
f 1789/1/4 1790/22/4 1791/4/4
f 1789/1/4 1792/24/4 1790/22/4
f 1793/1/4 1794/22/4 1795/4/4
f 1793/1/4 1796/24/4 1794/22/4
f 1797/1/4 1798/22/4 1799/4/4
f 1797/1/4 1800/24/4 1798/22/4
f 1801/2/3 1802/19/3 1803/3/3
f 1801/2/3 1804/20/3 1802/19/3
f 1805/2/3 1806/19/3 1807/3/3
f 1805/2/3 1808/20/3 1806/19/3
f 1809/4/4 1810/21/4 1811/23/4
f 1809/4/4 1812/22/4 1810/21/4
f 1813/4/4 1814/21/4 1815/23/4
f 1813/4/4 1816/22/4 1814/21/4
f 1817/17/2 1818/11/2 1819/10/2
f 1817/17/2 1820/18/2 1818/11/2
f 1821/17/1 1822/11/1 1823/10/1
f 1821/17/1 1824/18/1 1822/11/1
f 1825/2/3 1826/19/3 1827/3/3
f 1825/2/3 1828/20/3 1826/19/3
f 1829/3/3 1830/20/3 1831/19/3
f 1829/3/3 1832/2/3 1830/20/3
f 1833/17/1 1834/11/1 1835/10/1
f 1833/17/1 1836/18/1 1834/11/1
f 1837/17/2 1838/11/2 1839/10/2
f 1837/17/2 1840/18/2 1838/11/2
f 1841/13/1 1842/14/1 1843/15/1
f 1841/13/1 1844/16/1 1842/14/1
f 1845/9/2 1846/10/2 1847/11/2
f 1845/9/2 1848/12/2 1846/10/2
f 1849/9/2 1850/10/2 1851/11/2
f 1849/9/2 1852/12/2 1850/10/2
f 1853/5/2 1854/6/2 1855/7/2
f 1853/5/2 1856/8/2 1854/6/2
f 1857/3/1 1858/4/1 1859/2/1
f 1857/3/1 1860/1/1 1858/4/1
f 1861/3/1 1862/4/1 1863/2/1
f 1861/3/1 1864/1/1 1862/4/1
f 1865/3/1 1866/4/1 1867/2/1
f 1865/3/1 1868/1/1 1866/4/1
f 1869/3/1 1870/4/1 1871/2/1
f 1869/3/1 1872/1/1 1870/4/1
f 1873/5/2 1874/6/2 1875/7/2
f 1873/5/2 1876/8/2 1874/6/2
f 1877/9/2 1878/10/2 1879/11/2
f 1877/9/2 1880/12/2 1878/10/2
f 1881/9/2 1882/10/2 1883/11/2
f 1881/9/2 1884/12/2 1882/10/2
f 1885/13/1 1886/14/1 1887/15/1
f 1885/13/1 1888/16/1 1886/14/1
f 1889/1/4 1890/22/4 1891/4/4
f 1889/1/4 1892/24/4 1890/22/4
f 1893/1/4 1894/22/4 1895/4/4
f 1893/1/4 1896/24/4 1894/22/4
f 1897/1/4 1898/22/4 1899/4/4
f 1897/1/4 1900/24/4 1898/22/4
f 1901/1/4 1902/22/4 1903/4/4
f 1901/1/4 1904/24/4 1902/22/4
f 1905/2/3 1906/19/3 1907/3/3
f 1905/2/3 1908/20/3 1906/19/3
f 1909/2/3 1910/19/3 1911/3/3
f 1909/2/3 1912/20/3 1910/19/3
f 1913/2/3 1914/19/3 1915/3/3
f 1913/2/3 1916/20/3 1914/19/3
f 1917/2/3 1918/19/3 1919/3/3
f 1917/2/3 1920/20/3 1918/19/3
f 1921/13/2 1922/14/2 1923/15/2
f 1921/13/2 1924/16/2 1922/14/2
f 1925/13/1 1926/14/1 1927/15/1
f 1925/13/1 1928/16/1 1926/14/1
f 1929/13/1 1930/14/1 1931/15/1
f 1929/13/1 1932/16/1 1930/14/1
f 1933/9/2 1934/10/2 1935/11/2
f 1933/9/2 1936/12/2 1934/10/2
f 1937/9/2 1938/10/2 1939/11/2
f 1937/9/2 1940/12/2 1938/10/2
f 1941/5/2 1942/6/2 1943/7/2
f 1941/5/2 1944/8/2 1942/6/2
f 1945/3/1 1946/4/1 1947/2/1
f 1945/3/1 1948/1/1 1946/4/1
f 1949/8/1 1950/16/1 1951/13/1
f 1949/8/1 1952/5/1 1950/16/1
f 1953/9/2 1954/10/2 1955/11/2
f 1953/9/2 1956/12/2 1954/10/2
f 1957/9/2 1958/10/2 1959/11/2
f 1957/9/2 1960/12/2 1958/10/2
f 1961/8/1 1962/16/1 1963/13/1
f 1961/8/1 1964/5/1 1962/16/1
f 1965/4/1 1966/3/1 1967/1/1
f 1965/4/1 1968/2/1 1966/3/1
f 1969/17/1 1970/11/1 1971/10/1
f 1969/17/1 1972/18/1 1970/11/1
f 1973/17/2 1974/11/2 1975/10/2
f 1973/17/2 1976/18/2 1974/11/2
f 1977/17/1 1978/11/1 1979/10/1
f 1977/17/1 1980/18/1 1978/11/1
f 1981/17/2 1982/11/2 1983/10/2
f 1981/17/2 1984/18/2 1982/11/2
f 1985/2/3 1986/19/3 1987/3/3
f 1985/2/3 1988/20/3 1986/19/3
f 1989/2/3 1990/19/3 1991/3/3
f 1989/2/3 1992/20/3 1990/19/3
f 1993/4/4 1994/21/4 1995/23/4
f 1993/4/4 1996/22/4 1994/21/4
f 1997/4/4 1998/21/4 1999/23/4
f 1997/4/4 2000/22/4 1998/21/4
f 2001/2/3 2002/19/3 2003/3/3
f 2001/2/3 2004/20/3 2002/19/3
f 2005/2/3 2006/19/3 2007/3/3
f 2005/2/3 2008/20/3 2006/19/3
f 2009/1/4 2010/22/4 2011/4/4
f 2009/1/4 2012/24/4 2010/22/4
f 2013/1/4 2014/22/4 2015/4/4
f 2013/1/4 2016/24/4 2014/22/4
f 2017/2/3 2018/19/3 2019/3/3
f 2017/2/3 2020/20/3 2018/19/3
f 2021/2/3 2022/19/3 2023/3/3
f 2021/2/3 2024/20/3 2022/19/3
f 2025/2/3 2026/19/3 2027/3/3
f 2025/2/3 2028/20/3 2026/19/3
f 2029/2/3 2030/19/3 2031/3/3
f 2029/2/3 2032/20/3 2030/19/3
f 2033/1/4 2034/22/4 2035/4/4
f 2033/1/4 2036/24/4 2034/22/4
f 2037/1/4 2038/22/4 2039/4/4
f 2037/1/4 2040/24/4 2038/22/4
f 2041/1/4 2042/22/4 2043/4/4
f 2041/1/4 2044/24/4 2042/22/4
f 2045/1/4 2046/22/4 2047/4/4
f 2045/1/4 2048/24/4 2046/22/4
f 2049/1/4 2050/22/4 2051/4/4
f 2049/1/4 2052/24/4 2050/22/4
f 2053/1/4 2054/22/4 2055/4/4
f 2053/1/4 2056/24/4 2054/22/4
f 2057/2/3 2058/19/3 2059/3/3
f 2057/2/3 2060/20/3 2058/19/3
f 2061/2/3 2062/19/3 2063/3/3
f 2061/2/3 2064/20/3 2062/19/3
f 2065/4/4 2066/21/4 2067/23/4
f 2065/4/4 2068/22/4 2066/21/4
f 2069/4/4 2070/21/4 2071/23/4
f 2069/4/4 2072/22/4 2070/21/4
f 2073/17/2 2074/11/2 2075/10/2
f 2073/17/2 2076/18/2 2074/11/2
f 2077/17/1 2078/11/1 2079/10/1
f 2077/17/1 2080/18/1 2078/11/1
f 2081/2/3 2082/19/3 2083/3/3
f 2081/2/3 2084/20/3 2082/19/3
f 2085/3/3 2086/20/3 2087/19/3
f 2085/3/3 2088/2/3 2086/20/3
f 2089/17/1 2090/11/1 2091/10/1
f 2089/17/1 2092/18/1 2090/11/1
f 2093/17/2 2094/11/2 2095/10/2
f 2093/17/2 2096/18/2 2094/11/2
f 2097/13/1 2098/14/1 2099/15/1
f 2097/13/1 2100/16/1 2098/14/1
f 2101/9/2 2102/10/2 2103/11/2
f 2101/9/2 2104/12/2 2102/10/2
f 2105/9/2 2106/10/2 2107/11/2
f 2105/9/2 2108/12/2 2106/10/2
f 2109/5/2 2110/6/2 2111/7/2
f 2109/5/2 2112/8/2 2110/6/2
f 2113/3/1 2114/4/1 2115/2/1
f 2113/3/1 2116/1/1 2114/4/1
f 2117/3/1 2118/4/1 2119/2/1
f 2117/3/1 2120/1/1 2118/4/1
f 2121/3/1 2122/4/1 2123/2/1
f 2121/3/1 2124/1/1 2122/4/1
f 2125/3/1 2126/4/1 2127/2/1
f 2125/3/1 2128/1/1 2126/4/1
f 2129/5/2 2130/6/2 2131/7/2
f 2129/5/2 2132/8/2 2130/6/2
f 2133/5/2 2134/6/2 2135/7/2
f 2133/5/2 2136/8/2 2134/6/2
f 2137/9/2 2138/10/2 2139/11/2
f 2137/9/2 2140/12/2 2138/10/2
f 2141/9/2 2142/10/2 2143/11/2
f 2141/9/2 2144/12/2 2142/10/2
f 2145/13/1 2146/14/1 2147/15/1
f 2145/13/1 2148/16/1 2146/14/1
f 2149/13/1 2150/14/1 2151/15/1
f 2149/13/1 2152/16/1 2150/14/1
f 2153/13/1 2154/14/1 2155/15/1
f 2153/13/1 2156/16/1 2154/14/1
f 2157/9/2 2158/10/2 2159/11/2
f 2157/9/2 2160/12/2 2158/10/2
f 2161/9/2 2162/10/2 2163/11/2
f 2161/9/2 2164/12/2 2162/10/2
f 2165/9/2 2166/10/2 2167/11/2
f 2165/9/2 2168/12/2 2166/10/2
f 2169/9/2 2170/10/2 2171/11/2
f 2169/9/2 2172/12/2 2170/10/2
f 2173/5/2 2174/6/2 2175/7/2
f 2173/5/2 2176/8/2 2174/6/2
f 2177/1/1 2178/2/1 2179/3/1
f 2177/1/1 2180/4/1 2178/2/1
f 2181/8/1 2182/16/1 2183/13/1
f 2181/8/1 2184/5/1 2182/16/1
f 2185/3/1 2186/4/1 2187/2/1
f 2185/3/1 2188/1/1 2186/4/1
f 2189/3/1 2190/4/1 2191/2/1
f 2189/3/1 2192/1/1 2190/4/1
f 2193/17/2 2194/11/2 2195/10/2
f 2193/17/2 2196/18/2 2194/11/2
f 2197/17/2 2198/11/2 2199/10/2
f 2197/17/2 2200/18/2 2198/11/2
f 2201/17/1 2202/11/1 2203/10/1
f 2201/17/1 2204/18/1 2202/11/1
f 2205/17/1 2206/11/1 2207/10/1
f 2205/17/1 2208/18/1 2206/11/1
f 2209/2/3 2210/19/3 2211/3/3
f 2209/2/3 2212/20/3 2210/19/3
f 2213/2/3 2214/19/3 2215/3/3
f 2213/2/3 2216/20/3 2214/19/3
f 2217/4/4 2218/21/4 2219/23/4
f 2217/4/4 2220/22/4 2218/21/4
f 2221/4/4 2222/21/4 2223/23/4
f 2221/4/4 2224/22/4 2222/21/4
f 2225/2/3 2226/19/3 2227/3/3
f 2225/2/3 2228/20/3 2226/19/3
f 2229/2/3 2230/19/3 2231/3/3
f 2229/2/3 2232/20/3 2230/19/3
f 2233/1/4 2234/22/4 2235/4/4
f 2233/1/4 2236/24/4 2234/22/4
f 2237/1/4 2238/22/4 2239/4/4
f 2237/1/4 2240/24/4 2238/22/4
f 2241/1/4 2242/22/4 2243/4/4
f 2241/1/4 2244/24/4 2242/22/4
f 2245/1/4 2246/22/4 2247/4/4
f 2245/1/4 2248/24/4 2246/22/4
f 2249/1/4 2250/22/4 2251/4/4
f 2249/1/4 2252/24/4 2250/22/4
f 2253/1/4 2254/22/4 2255/4/4
f 2253/1/4 2256/24/4 2254/22/4
f 2257/2/3 2258/19/3 2259/3/3
f 2257/2/3 2260/20/3 2258/19/3
f 2261/2/3 2262/19/3 2263/3/3
f 2261/2/3 2264/20/3 2262/19/3
f 2265/2/3 2266/19/3 2267/3/3
f 2265/2/3 2268/20/3 2266/19/3
f 2269/2/3 2270/19/3 2271/3/3
f 2269/2/3 2272/20/3 2270/19/3
f 2273/2/3 2274/19/3 2275/3/3
f 2273/2/3 2276/20/3 2274/19/3
f 2277/2/3 2278/19/3 2279/3/3
f 2277/2/3 2280/20/3 2278/19/3
f 2281/2/3 2282/19/3 2283/3/3
f 2281/2/3 2284/20/3 2282/19/3
f 2285/2/3 2286/19/3 2287/3/3
f 2285/2/3 2288/20/3 2286/19/3
f 2289/1/4 2290/22/4 2291/4/4
f 2289/1/4 2292/24/4 2290/22/4
f 2293/1/4 2294/22/4 2295/4/4
f 2293/1/4 2296/24/4 2294/22/4
f 2297/1/4 2298/22/4 2299/4/4
f 2297/1/4 2300/24/4 2298/22/4
f 2301/1/4 2302/22/4 2303/4/4
f 2301/1/4 2304/24/4 2302/22/4
f 2305/5/2 2306/6/2 2307/7/2
f 2305/5/2 2308/8/2 2306/6/2
f 2309/13/1 2310/14/1 2311/15/1
f 2309/13/1 2312/16/1 2310/14/1
f 2313/13/2 2314/14/2 2315/15/2
f 2313/13/2 2316/16/2 2314/14/2
f 2317/13/1 2318/14/1 2319/15/1
f 2317/13/1 2320/16/1 2318/14/1
f 2321/13/1 2322/14/1 2323/15/1
f 2321/13/1 2324/16/1 2322/14/1
f 2325/9/2 2326/10/2 2327/11/2
f 2325/9/2 2328/12/2 2326/10/2
f 2329/9/2 2330/10/2 2331/11/2
f 2329/9/2 2332/12/2 2330/10/2
f 2333/9/2 2334/10/2 2335/11/2
f 2333/9/2 2336/12/2 2334/10/2
f 2337/9/2 2338/10/2 2339/11/2
f 2337/9/2 2340/12/2 2338/10/2
f 2341/5/2 2342/6/2 2343/7/2
f 2341/5/2 2344/8/2 2342/6/2
f 2345/1/1 2346/2/1 2347/3/1
f 2345/1/1 2348/4/1 2346/2/1
f 2349/8/1 2350/16/1 2351/13/1
f 2349/8/1 2352/5/1 2350/16/1
f 2353/3/1 2354/4/1 2355/2/1
f 2353/3/1 2356/1/1 2354/4/1
f 2357/3/1 2358/4/1 2359/2/1
f 2357/3/1 2360/1/1 2358/4/1
f 2361/13/1 2362/14/1 2363/15/1
f 2361/13/1 2364/16/1 2362/14/1
f 2365/9/2 2366/10/2 2367/11/2
f 2365/9/2 2368/12/2 2366/10/2
f 2369/9/2 2370/10/2 2371/11/2
f 2369/9/2 2372/12/2 2370/10/2
f 2373/5/2 2374/6/2 2375/7/2
f 2373/5/2 2376/8/2 2374/6/2
f 2377/3/1 2378/4/1 2379/2/1
f 2377/3/1 2380/1/1 2378/4/1
f 2381/8/1 2382/16/1 2383/13/1
f 2381/8/1 2384/5/1 2382/16/1
f 2385/9/2 2386/10/2 2387/11/2
f 2385/9/2 2388/12/2 2386/10/2
f 2389/9/2 2390/10/2 2391/11/2
f 2389/9/2 2392/12/2 2390/10/2
f 2393/8/1 2394/16/1 2395/13/1
f 2393/8/1 2396/5/1 2394/16/1
f 2397/4/1 2398/3/1 2399/1/1
f 2397/4/1 2400/2/1 2398/3/1
f 2401/17/2 2402/11/2 2403/10/2
f 2401/17/2 2404/18/2 2402/11/2
f 2405/17/2 2406/11/2 2407/10/2
f 2405/17/2 2408/18/2 2406/11/2
f 2409/17/1 2410/11/1 2411/10/1
f 2409/17/1 2412/18/1 2410/11/1
f 2413/17/1 2414/11/1 2415/10/1
f 2413/17/1 2416/18/1 2414/11/1
f 2417/2/3 2418/19/3 2419/3/3
f 2417/2/3 2420/20/3 2418/19/3
f 2421/2/3 2422/19/3 2423/3/3
f 2421/2/3 2424/20/3 2422/19/3
f 2425/4/4 2426/21/4 2427/23/4
f 2425/4/4 2428/22/4 2426/21/4
f 2429/4/4 2430/21/4 2431/23/4
f 2429/4/4 2432/22/4 2430/21/4
f 2433/17/1 2434/11/1 2435/10/1
f 2433/17/1 2436/18/1 2434/11/1
f 2437/17/2 2438/11/2 2439/10/2
f 2437/17/2 2440/18/2 2438/11/2
f 2441/17/1 2442/11/1 2443/10/1
f 2441/17/1 2444/18/1 2442/11/1
f 2445/17/2 2446/11/2 2447/10/2
f 2445/17/2 2448/18/2 2446/11/2
f 2449/2/3 2450/19/3 2451/3/3
f 2449/2/3 2452/20/3 2450/19/3
f 2453/2/3 2454/19/3 2455/3/3
f 2453/2/3 2456/20/3 2454/19/3
f 2457/4/4 2458/21/4 2459/23/4
f 2457/4/4 2460/22/4 2458/21/4
f 2461/4/4 2462/21/4 2463/23/4
f 2461/4/4 2464/22/4 2462/21/4
f 2465/2/3 2466/19/3 2467/3/3
f 2465/2/3 2468/20/3 2466/19/3
f 2469/2/3 2470/19/3 2471/3/3
f 2469/2/3 2472/20/3 2470/19/3
f 2473/1/4 2474/22/4 2475/4/4
f 2473/1/4 2476/24/4 2474/22/4
f 2477/1/4 2478/22/4 2479/4/4
f 2477/1/4 2480/24/4 2478/22/4
f 2481/2/3 2482/19/3 2483/3/3
f 2481/2/3 2484/20/3 2482/19/3
f 2485/2/3 2486/19/3 2487/3/3
f 2485/2/3 2488/20/3 2486/19/3
f 2489/1/4 2490/22/4 2491/4/4
f 2489/1/4 2492/24/4 2490/22/4
f 2493/1/4 2494/22/4 2495/4/4
f 2493/1/4 2496/24/4 2494/22/4
f 2497/2/3 2498/19/3 2499/3/3
f 2497/2/3 2500/20/3 2498/19/3
f 2501/2/3 2502/19/3 2503/3/3
f 2501/2/3 2504/20/3 2502/19/3
f 2505/2/3 2506/19/3 2507/3/3
f 2505/2/3 2508/20/3 2506/19/3
f 2509/2/3 2510/19/3 2511/3/3
f 2509/2/3 2512/20/3 2510/19/3
f 2513/1/4 2514/22/4 2515/4/4
f 2513/1/4 2516/24/4 2514/22/4
f 2517/1/4 2518/22/4 2519/4/4
f 2517/1/4 2520/24/4 2518/22/4
f 2521/1/4 2522/22/4 2523/4/4
f 2521/1/4 2524/24/4 2522/22/4
f 2525/1/4 2526/22/4 2527/4/4
f 2525/1/4 2528/24/4 2526/22/4
f 2529/2/3 2530/19/3 2531/3/3
f 2529/2/3 2532/20/3 2530/19/3
f 2533/2/3 2534/19/3 2535/3/3
f 2533/2/3 2536/20/3 2534/19/3
f 2537/2/3 2538/19/3 2539/3/3
f 2537/2/3 2540/20/3 2538/19/3
f 2541/2/3 2542/19/3 2543/3/3
f 2541/2/3 2544/20/3 2542/19/3
f 2545/1/4 2546/22/4 2547/4/4
f 2545/1/4 2548/24/4 2546/22/4
f 2549/1/4 2550/22/4 2551/4/4
f 2549/1/4 2552/24/4 2550/22/4
f 2553/1/4 2554/22/4 2555/4/4
f 2553/1/4 2556/24/4 2554/22/4
f 2557/1/4 2558/22/4 2559/4/4
f 2557/1/4 2560/24/4 2558/22/4
f 2561/1/4 2562/22/4 2563/4/4
f 2561/1/4 2564/24/4 2562/22/4
f 2565/1/4 2566/22/4 2567/4/4
f 2565/1/4 2568/24/4 2566/22/4
f 2569/2/3 2570/19/3 2571/3/3
f 2569/2/3 2572/20/3 2570/19/3
f 2573/2/3 2574/19/3 2575/3/3
f 2573/2/3 2576/20/3 2574/19/3
f 2577/4/4 2578/21/4 2579/23/4
f 2577/4/4 2580/22/4 2578/21/4
f 2581/4/4 2582/21/4 2583/23/4
f 2581/4/4 2584/22/4 2582/21/4
f 2585/17/2 2586/11/2 2587/10/2
f 2585/17/2 2588/18/2 2586/11/2
f 2589/17/1 2590/11/1 2591/10/1
f 2589/17/1 2592/18/1 2590/11/1
f 2593/2/3 2594/19/3 2595/3/3
f 2593/2/3 2596/20/3 2594/19/3
f 2597/3/3 2598/20/3 2599/19/3
f 2597/3/3 2600/2/3 2598/20/3
f 2601/17/1 2602/11/1 2603/10/1
f 2601/17/1 2604/18/1 2602/11/1
f 2605/17/2 2606/11/2 2607/10/2
f 2605/17/2 2608/18/2 2606/11/2
f 2609/13/1 2610/14/1 2611/15/1
f 2609/13/1 2612/16/1 2610/14/1
f 2613/9/2 2614/10/2 2615/11/2
f 2613/9/2 2616/12/2 2614/10/2
f 2617/9/2 2618/10/2 2619/11/2
f 2617/9/2 2620/12/2 2618/10/2
f 2621/5/2 2622/6/2 2623/7/2
f 2621/5/2 2624/8/2 2622/6/2
f 2625/3/1 2626/4/1 2627/2/1
f 2625/3/1 2628/1/1 2626/4/1
f 2629/3/1 2630/4/1 2631/2/1
f 2629/3/1 2632/1/1 2630/4/1
f 2633/3/1 2634/4/1 2635/2/1
f 2633/3/1 2636/1/1 2634/4/1
f 2637/3/1 2638/4/1 2639/2/1
f 2637/3/1 2640/1/1 2638/4/1
f 2641/5/2 2642/6/2 2643/7/2
f 2641/5/2 2644/8/2 2642/6/2
f 2645/9/2 2646/10/2 2647/11/2
f 2645/9/2 2648/12/2 2646/10/2
f 2649/9/2 2650/10/2 2651/11/2
f 2649/9/2 2652/12/2 2650/10/2
f 2653/13/1 2654/14/1 2655/15/1
f 2653/13/1 2656/16/1 2654/14/1
f 2657/1/4 2658/22/4 2659/4/4
f 2657/1/4 2660/24/4 2658/22/4
f 2661/1/4 2662/22/4 2663/4/4
f 2661/1/4 2664/24/4 2662/22/4
f 2665/1/4 2666/22/4 2667/4/4
f 2665/1/4 2668/24/4 2666/22/4
f 2669/1/4 2670/22/4 2671/4/4
f 2669/1/4 2672/24/4 2670/22/4
f 2673/2/3 2674/19/3 2675/3/3
f 2673/2/3 2676/20/3 2674/19/3
f 2677/2/3 2678/19/3 2679/3/3
f 2677/2/3 2680/20/3 2678/19/3
f 2681/2/3 2682/19/3 2683/3/3
f 2681/2/3 2684/20/3 2682/19/3
f 2685/2/3 2686/19/3 2687/3/3
f 2685/2/3 2688/20/3 2686/19/3
f 2689/13/2 2690/14/2 2691/15/2
f 2689/13/2 2692/16/2 2690/14/2
f 2693/13/1 2694/14/1 2695/15/1
f 2693/13/1 2696/16/1 2694/14/1
f 2697/13/1 2698/14/1 2699/15/1
f 2697/13/1 2700/16/1 2698/14/1
f 2701/9/2 2702/10/2 2703/11/2
f 2701/9/2 2704/12/2 2702/10/2
f 2705/9/2 2706/10/2 2707/11/2
f 2705/9/2 2708/12/2 2706/10/2
f 2709/5/2 2710/6/2 2711/7/2
f 2709/5/2 2712/8/2 2710/6/2
f 2713/3/1 2714/4/1 2715/2/1
f 2713/3/1 2716/1/1 2714/4/1
f 2717/8/1 2718/16/1 2719/13/1
f 2717/8/1 2720/5/1 2718/16/1
f 2721/9/2 2722/10/2 2723/11/2
f 2721/9/2 2724/12/2 2722/10/2
f 2725/9/2 2726/10/2 2727/11/2
f 2725/9/2 2728/12/2 2726/10/2
f 2729/8/1 2730/16/1 2731/13/1
f 2729/8/1 2732/5/1 2730/16/1
f 2733/4/1 2734/3/1 2735/1/1
f 2733/4/1 2736/2/1 2734/3/1
f 2737/17/1 2738/11/1 2739/10/1
f 2737/17/1 2740/18/1 2738/11/1
f 2741/17/2 2742/11/2 2743/10/2
f 2741/17/2 2744/18/2 2742/11/2
f 2745/17/1 2746/11/1 2747/10/1
f 2745/17/1 2748/18/1 2746/11/1
f 2749/17/2 2750/11/2 2751/10/2
f 2749/17/2 2752/18/2 2750/11/2
f 2753/2/3 2754/19/3 2755/3/3
f 2753/2/3 2756/20/3 2754/19/3
f 2757/2/3 2758/19/3 2759/3/3
f 2757/2/3 2760/20/3 2758/19/3
f 2761/4/4 2762/21/4 2763/23/4
f 2761/4/4 2764/22/4 2762/21/4
f 2765/4/4 2766/21/4 2767/23/4
f 2765/4/4 2768/22/4 2766/21/4
f 2769/2/3 2770/19/3 2771/3/3
f 2769/2/3 2772/20/3 2770/19/3
f 2773/2/3 2774/19/3 2775/3/3
f 2773/2/3 2776/20/3 2774/19/3
f 2777/1/4 2778/22/4 2779/4/4
f 2777/1/4 2780/24/4 2778/22/4
f 2781/1/4 2782/22/4 2783/4/4
f 2781/1/4 2784/24/4 2782/22/4
f 2785/2/3 2786/19/3 2787/3/3
f 2785/2/3 2788/20/3 2786/19/3
f 2789/2/3 2790/19/3 2791/3/3
f 2789/2/3 2792/20/3 2790/19/3
f 2793/2/3 2794/19/3 2795/3/3
f 2793/2/3 2796/20/3 2794/19/3
f 2797/2/3 2798/19/3 2799/3/3
f 2797/2/3 2800/20/3 2798/19/3
f 2801/1/4 2802/22/4 2803/4/4
f 2801/1/4 2804/24/4 2802/22/4
f 2805/1/4 2806/22/4 2807/4/4
f 2805/1/4 2808/24/4 2806/22/4
f 2809/1/4 2810/22/4 2811/4/4
f 2809/1/4 2812/24/4 2810/22/4
f 2813/1/4 2814/22/4 2815/4/4
f 2813/1/4 2816/24/4 2814/22/4
f 2817/1/4 2818/22/4 2819/4/4
f 2817/1/4 2820/24/4 2818/22/4
f 2821/1/4 2822/22/4 2823/4/4
f 2821/1/4 2824/24/4 2822/22/4
f 2825/2/3 2826/19/3 2827/3/3
f 2825/2/3 2828/20/3 2826/19/3
f 2829/2/3 2830/19/3 2831/3/3
f 2829/2/3 2832/20/3 2830/19/3
f 2833/4/4 2834/21/4 2835/23/4
f 2833/4/4 2836/22/4 2834/21/4
f 2837/4/4 2838/21/4 2839/23/4
f 2837/4/4 2840/22/4 2838/21/4
f 2841/17/2 2842/11/2 2843/10/2
f 2841/17/2 2844/18/2 2842/11/2
f 2845/17/1 2846/11/1 2847/10/1
f 2845/17/1 2848/18/1 2846/11/1
f 2849/2/3 2850/19/3 2851/3/3
f 2849/2/3 2852/20/3 2850/19/3
f 2853/3/3 2854/20/3 2855/19/3
f 2853/3/3 2856/2/3 2854/20/3
f 2857/17/1 2858/11/1 2859/10/1
f 2857/17/1 2860/18/1 2858/11/1
f 2861/17/2 2862/11/2 2863/10/2
f 2861/17/2 2864/18/2 2862/11/2
f 2865/13/1 2866/14/1 2867/15/1
f 2865/13/1 2868/16/1 2866/14/1
f 2869/9/2 2870/10/2 2871/11/2
f 2869/9/2 2872/12/2 2870/10/2
f 2873/9/2 2874/10/2 2875/11/2
f 2873/9/2 2876/12/2 2874/10/2
f 2877/5/2 2878/6/2 2879/7/2
f 2877/5/2 2880/8/2 2878/6/2
f 2881/3/1 2882/4/1 2883/2/1
f 2881/3/1 2884/1/1 2882/4/1
f 2885/3/1 2886/4/1 2887/2/1
f 2885/3/1 2888/1/1 2886/4/1
f 2889/3/1 2890/4/1 2891/2/1
f 2889/3/1 2892/1/1 2890/4/1
f 2893/3/1 2894/4/1 2895/2/1
f 2893/3/1 2896/1/1 2894/4/1
f 2897/5/2 2898/6/2 2899/7/2
f 2897/5/2 2900/8/2 2898/6/2
f 2901/5/2 2902/6/2 2903/7/2
f 2901/5/2 2904/8/2 2902/6/2
f 2905/9/2 2906/10/2 2907/11/2
f 2905/9/2 2908/12/2 2906/10/2
f 2909/9/2 2910/10/2 2911/11/2
f 2909/9/2 2912/12/2 2910/10/2
f 2913/13/1 2914/14/1 2915/15/1
f 2913/13/1 2916/16/1 2914/14/1
f 2917/13/1 2918/14/1 2919/15/1
f 2917/13/1 2920/16/1 2918/14/1
f 2921/13/1 2922/14/1 2923/15/1
f 2921/13/1 2924/16/1 2922/14/1
f 2925/9/2 2926/10/2 2927/11/2
f 2925/9/2 2928/12/2 2926/10/2
f 2929/9/2 2930/10/2 2931/11/2
f 2929/9/2 2932/12/2 2930/10/2
f 2933/9/2 2934/10/2 2935/11/2
f 2933/9/2 2936/12/2 2934/10/2
f 2937/9/2 2938/10/2 2939/11/2
f 2937/9/2 2940/12/2 2938/10/2
f 2941/5/2 2942/6/2 2943/7/2
f 2941/5/2 2944/8/2 2942/6/2
f 2945/1/1 2946/2/1 2947/3/1
f 2945/1/1 2948/4/1 2946/2/1
f 2949/8/1 2950/16/1 2951/13/1
f 2949/8/1 2952/5/1 2950/16/1
f 2953/3/1 2954/4/1 2955/2/1
f 2953/3/1 2956/1/1 2954/4/1
f 2957/3/1 2958/4/1 2959/2/1
f 2957/3/1 2960/1/1 2958/4/1
f 2961/17/2 2962/11/2 2963/10/2
f 2961/17/2 2964/18/2 2962/11/2
f 2965/17/2 2966/11/2 2967/10/2
f 2965/17/2 2968/18/2 2966/11/2
f 2969/17/1 2970/11/1 2971/10/1
f 2969/17/1 2972/18/1 2970/11/1
f 2973/17/1 2974/11/1 2975/10/1
f 2973/17/1 2976/18/1 2974/11/1
f 2977/2/3 2978/19/3 2979/3/3
f 2977/2/3 2980/20/3 2978/19/3
f 2981/2/3 2982/19/3 2983/3/3
f 2981/2/3 2984/20/3 2982/19/3
f 2985/4/4 2986/21/4 2987/23/4
f 2985/4/4 2988/22/4 2986/21/4
f 2989/4/4 2990/21/4 2991/23/4
f 2989/4/4 2992/22/4 2990/21/4
f 2993/2/3 2994/19/3 2995/3/3
f 2993/2/3 2996/20/3 2994/19/3
f 2997/2/3 2998/19/3 2999/3/3
f 2997/2/3 3000/20/3 2998/19/3
f 3001/1/4 3002/22/4 3003/4/4
f 3001/1/4 3004/24/4 3002/22/4
f 3005/1/4 3006/22/4 3007/4/4
f 3005/1/4 3008/24/4 3006/22/4
f 3009/1/4 3010/22/4 3011/4/4
f 3009/1/4 3012/24/4 3010/22/4
f 3013/1/4 3014/22/4 3015/4/4
f 3013/1/4 3016/24/4 3014/22/4
f 3017/1/4 3018/22/4 3019/4/4
f 3017/1/4 3020/24/4 3018/22/4
f 3021/1/4 3022/22/4 3023/4/4
f 3021/1/4 3024/24/4 3022/22/4
f 3025/2/3 3026/19/3 3027/3/3
f 3025/2/3 3028/20/3 3026/19/3
f 3029/2/3 3030/19/3 3031/3/3
f 3029/2/3 3032/20/3 3030/19/3
f 3033/2/3 3034/19/3 3035/3/3
f 3033/2/3 3036/20/3 3034/19/3
f 3037/2/3 3038/19/3 3039/3/3
f 3037/2/3 3040/20/3 3038/19/3
f 3041/2/3 3042/19/3 3043/3/3
f 3041/2/3 3044/20/3 3042/19/3
f 3045/2/3 3046/19/3 3047/3/3
f 3045/2/3 3048/20/3 3046/19/3
f 3049/2/3 3050/19/3 3051/3/3
f 3049/2/3 3052/20/3 3050/19/3
f 3053/2/3 3054/19/3 3055/3/3
f 3053/2/3 3056/20/3 3054/19/3
f 3057/1/4 3058/22/4 3059/4/4
f 3057/1/4 3060/24/4 3058/22/4
f 3061/1/4 3062/22/4 3063/4/4
f 3061/1/4 3064/24/4 3062/22/4
f 3065/1/4 3066/22/4 3067/4/4
f 3065/1/4 3068/24/4 3066/22/4
f 3069/1/4 3070/22/4 3071/4/4
f 3069/1/4 3072/24/4 3070/22/4
f 3073/20/3 3074/3/3 3075/2/3
f 3073/20/3 3076/19/3 3074/3/3
f 3077/4/4 3078/24/4 3079/22/4
f 3077/4/4 3080/1/4 3078/24/4
f 3081/22/4 3082/23/4 3083/4/4
f 3081/22/4 3084/21/4 3082/23/4
f 3085/25/3 3086/4/3 3087/23/3
f 3085/25/3 3088/2/3 3086/4/3
f 3089/25/3 3090/4/3 3091/23/3
f 3089/25/3 3092/2/3 3090/4/3
f 3093/22/4 3094/23/4 3095/4/4
f 3093/22/4 3096/21/4 3094/23/4
f 3097/25/3 3098/4/3 3099/23/3
f 3097/25/3 3100/2/3 3098/4/3
f 3101/22/4 3102/23/4 3103/4/4
f 3101/22/4 3104/21/4 3102/23/4
f 3105/25/3 3106/4/3 3107/23/3
f 3105/25/3 3108/2/3 3106/4/3
f 3109/22/4 3110/23/4 3111/4/4
f 3109/22/4 3112/21/4 3110/23/4
f 3113/4/4 3114/24/4 3115/22/4
f 3113/4/4 3116/1/4 3114/24/4
f 3117/4/3 3118/24/3 3119/22/3
f 3117/4/3 3120/1/3 3118/24/3
f 3121/20/3 3122/3/3 3123/2/3
f 3121/20/3 3124/19/3 3122/3/3
f 3125/4/4 3126/24/4 3127/22/4
f 3125/4/4 3128/1/4 3126/24/4
f 3129/20/3 3130/3/3 3131/2/3
f 3129/20/3 3132/19/3 3130/3/3
f 3133/4/4 3134/24/4 3135/22/4
f 3133/4/4 3136/1/4 3134/24/4
f 3137/4/3 3138/24/3 3139/22/3
f 3137/4/3 3140/1/3 3138/24/3
f 3141/4/4 3142/24/4 3143/22/4
f 3141/4/4 3144/1/4 3142/24/4
f 3145/4/3 3146/24/3 3147/22/3
f 3145/4/3 3148/1/3 3146/24/3
f 3149/4/4 3150/24/4 3151/22/4
f 3149/4/4 3152/1/4 3150/24/4
f 3153/4/4 3154/24/4 3155/22/4
f 3153/4/4 3156/1/4 3154/24/4
f 3157/4/4 3158/24/4 3159/22/4
f 3157/4/4 3160/1/4 3158/24/4
f 3161/4/3 3162/24/3 3163/22/3
f 3161/4/3 3164/1/3 3162/24/3
f 3165/4/3 3166/24/3 3167/22/3
f 3165/4/3 3168/1/3 3166/24/3
f 3169/20/3 3170/3/3 3171/2/3
f 3169/20/3 3172/19/3 3170/3/3
f 3173/4/4 3174/24/4 3175/22/4
f 3173/4/4 3176/1/4 3174/24/4
f 3177/20/3 3178/3/3 3179/2/3
f 3177/20/3 3180/19/3 3178/3/3
f 3181/4/4 3182/24/4 3183/22/4
f 3181/4/4 3184/1/4 3182/24/4
f 3185/4/3 3186/24/3 3187/22/3
f 3185/4/3 3188/1/3 3186/24/3
f 3189/4/4 3190/24/4 3191/22/4
f 3189/4/4 3192/1/4 3190/24/4
f 3193/2/3 3194/19/3 3195/3/3
f 3193/2/3 3196/20/3 3194/19/3
f 3197/4/4 3198/24/4 3199/22/4
f 3197/4/4 3200/1/4 3198/24/4
f 3201/4/3 3202/24/3 3203/22/3
f 3201/4/3 3204/1/3 3202/24/3
f 3205/4/4 3206/24/4 3207/22/4
f 3205/4/4 3208/1/4 3206/24/4
f 3209/4/3 3210/24/3 3211/22/3
f 3209/4/3 3212/1/3 3210/24/3
f 3213/4/4 3214/24/4 3215/22/4
f 3213/4/4 3216/1/4 3214/24/4
f 3217/22/4 3218/23/4 3219/4/4
f 3217/22/4 3220/21/4 3218/23/4
f 3221/22/4 3222/23/4 3223/4/4
f 3221/22/4 3224/21/4 3222/23/4
f 3225/25/3 3226/4/3 3227/23/3
f 3225/25/3 3228/2/3 3226/4/3
f 3229/25/3 3230/4/3 3231/23/3
f 3229/25/3 3232/2/3 3230/4/3
f 3233/4/3 3234/24/3 3235/22/3
f 3233/4/3 3236/1/3 3234/24/3
f 3237/4/4 3238/24/4 3239/22/4
f 3237/4/4 3240/1/4 3238/24/4
f 3241/4/3 3242/24/3 3243/22/3
f 3241/4/3 3244/1/3 3242/24/3
f 3245/3/3 3246/20/3 3247/19/3
f 3245/3/3 3248/2/3 3246/20/3
f 3249/4/4 3250/24/4 3251/22/4
f 3249/4/4 3252/1/4 3250/24/4
f 3253/1/4 3254/22/4 3255/4/4
f 3253/1/4 3256/24/4 3254/22/4
f 3257/4/3 3258/24/3 3259/22/3
f 3257/4/3 3260/1/3 3258/24/3
f 3261/4/4 3262/24/4 3263/22/4
f 3261/4/4 3264/1/4 3262/24/4
f 3265/25/3 3266/4/3 3267/23/3
f 3265/25/3 3268/2/3 3266/4/3
f 3269/22/4 3270/23/4 3271/4/4
f 3269/22/4 3272/21/4 3270/23/4
f 3273/25/3 3274/4/3 3275/23/3
f 3273/25/3 3276/2/3 3274/4/3
f 3277/22/4 3278/23/4 3279/4/4
f 3277/22/4 3280/21/4 3278/23/4
f 3281/20/3 3282/3/3 3283/2/3
f 3281/20/3 3284/19/3 3282/3/3
f 3285/4/4 3286/24/4 3287/22/4
f 3285/4/4 3288/1/4 3286/24/4
f 3289/20/3 3290/3/3 3291/2/3
f 3289/20/3 3292/19/3 3290/3/3
f 3293/4/4 3294/24/4 3295/22/4
f 3293/4/4 3296/1/4 3294/24/4
f 3297/20/3 3298/3/3 3299/2/3
f 3297/20/3 3300/19/3 3298/3/3
f 3301/4/4 3302/24/4 3303/22/4
f 3301/4/4 3304/1/4 3302/24/4
f 3305/20/3 3306/3/3 3307/2/3
f 3305/20/3 3308/19/3 3306/3/3
f 3309/4/4 3310/24/4 3311/22/4
f 3309/4/4 3312/1/4 3310/24/4
f 3313/4/3 3314/24/3 3315/22/3
f 3313/4/3 3316/1/3 3314/24/3
f 3317/4/4 3318/24/4 3319/22/4
f 3317/4/4 3320/1/4 3318/24/4
f 3321/2/3 3322/19/3 3323/3/3
f 3321/2/3 3324/20/3 3322/19/3
f 3325/4/4 3326/24/4 3327/22/4
f 3325/4/4 3328/1/4 3326/24/4
f 3329/4/3 3330/24/3 3331/22/3
f 3329/4/3 3332/1/3 3330/24/3
f 3333/4/4 3334/24/4 3335/22/4
f 3333/4/4 3336/1/4 3334/24/4
f 3337/4/3 3338/24/3 3339/22/3
f 3337/4/3 3340/1/3 3338/24/3
f 3341/20/3 3342/3/3 3343/2/3
f 3341/20/3 3344/19/3 3342/3/3
f 3345/4/4 3346/24/4 3347/22/4
f 3345/4/4 3348/1/4 3346/24/4
f 3349/4/4 3350/24/4 3351/22/4
f 3349/4/4 3352/1/4 3350/24/4
f 3353/22/4 3354/23/4 3355/4/4
f 3353/22/4 3356/21/4 3354/23/4
f 3357/25/3 3358/4/3 3359/23/3
f 3357/25/3 3360/2/3 3358/4/3
f 3361/22/4 3362/23/4 3363/4/4
f 3361/22/4 3364/21/4 3362/23/4
f 3365/22/4 3366/23/4 3367/4/4
f 3365/22/4 3368/21/4 3366/23/4
f 3369/25/3 3370/4/3 3371/23/3
f 3369/25/3 3372/2/3 3370/4/3
f 3373/25/3 3374/4/3 3375/23/3
f 3373/25/3 3376/2/3 3374/4/3
f 3377/25/3 3378/4/3 3379/23/3
f 3377/25/3 3380/2/3 3378/4/3
f 3381/22/4 3382/23/4 3383/4/4
f 3381/22/4 3384/21/4 3382/23/4
f 3385/4/4 3386/24/4 3387/22/4
f 3385/4/4 3388/1/4 3386/24/4
f 3389/4/3 3390/24/3 3391/22/3
f 3389/4/3 3392/1/3 3390/24/3
f 3393/4/3 3394/24/3 3395/22/3
f 3393/4/3 3396/1/3 3394/24/3
f 3397/4/3 3398/24/3 3399/22/3
f 3397/4/3 3400/1/3 3398/24/3
f 3401/4/4 3402/24/4 3403/22/4
f 3401/4/4 3404/1/4 3402/24/4
f 3405/4/4 3406/24/4 3407/22/4
f 3405/4/4 3408/1/4 3406/24/4
f 3409/4/3 3410/24/3 3411/22/3
f 3409/4/3 3412/1/3 3410/24/3
f 3413/3/3 3414/20/3 3415/19/3
f 3413/3/3 3416/2/3 3414/20/3
f 3417/4/4 3418/24/4 3419/22/4
f 3417/4/4 3420/1/4 3418/24/4
f 3421/1/4 3422/22/4 3423/4/4
f 3421/1/4 3424/24/4 3422/22/4
f 3425/4/3 3426/24/3 3427/22/3
f 3425/4/3 3428/1/3 3426/24/3
f 3429/4/3 3430/24/3 3431/22/3
f 3429/4/3 3432/1/3 3430/24/3
f 3433/4/4 3434/24/4 3435/22/4
f 3433/4/4 3436/1/4 3434/24/4
f 3437/4/4 3438/24/4 3439/22/4
f 3437/4/4 3440/1/4 3438/24/4
f 3441/4/4 3442/24/4 3443/22/4
f 3441/4/4 3444/1/4 3442/24/4
f 3445/4/4 3446/24/4 3447/22/4
f 3445/4/4 3448/1/4 3446/24/4
f 3449/4/3 3450/24/3 3451/22/3
f 3449/4/3 3452/1/3 3450/24/3
f 3453/4/3 3454/24/3 3455/22/3
f 3453/4/3 3456/1/3 3454/24/3
f 3457/20/3 3458/3/3 3459/2/3
f 3457/20/3 3460/19/3 3458/3/3
f 3461/4/4 3462/24/4 3463/22/4
f 3461/4/4 3464/1/4 3462/24/4
f 3465/22/4 3466/23/4 3467/4/4
f 3465/22/4 3468/21/4 3466/23/4
f 3469/25/3 3470/4/3 3471/23/3
f 3469/25/3 3472/2/3 3470/4/3
f 3473/25/3 3474/4/3 3475/23/3
f 3473/25/3 3476/2/3 3474/4/3
f 3477/22/4 3478/23/4 3479/4/4
f 3477/22/4 3480/21/4 3478/23/4
f 3481/25/3 3482/4/3 3483/23/3
f 3481/25/3 3484/2/3 3482/4/3
f 3485/22/4 3486/23/4 3487/4/4
f 3485/22/4 3488/21/4 3486/23/4
f 3489/25/3 3490/4/3 3491/23/3
f 3489/25/3 3492/2/3 3490/4/3
f 3493/22/4 3494/23/4 3495/4/4
f 3493/22/4 3496/21/4 3494/23/4
f 3497/4/4 3498/24/4 3499/22/4
f 3497/4/4 3500/1/4 3498/24/4
f 3501/4/3 3502/24/3 3503/22/3
f 3501/4/3 3504/1/3 3502/24/3
f 3505/20/3 3506/3/3 3507/2/3
f 3505/20/3 3508/19/3 3506/3/3
f 3509/4/4 3510/24/4 3511/22/4
f 3509/4/4 3512/1/4 3510/24/4
f 3513/20/3 3514/3/3 3515/2/3
f 3513/20/3 3516/19/3 3514/3/3
f 3517/4/4 3518/24/4 3519/22/4
f 3517/4/4 3520/1/4 3518/24/4
f 3521/4/3 3522/24/3 3523/22/3
f 3521/4/3 3524/1/3 3522/24/3
f 3525/4/4 3526/24/4 3527/22/4
f 3525/4/4 3528/1/4 3526/24/4
f 3529/4/3 3530/24/3 3531/22/3
f 3529/4/3 3532/1/3 3530/24/3
f 3533/4/4 3534/24/4 3535/22/4
f 3533/4/4 3536/1/4 3534/24/4
f 3537/4/4 3538/24/4 3539/22/4
f 3537/4/4 3540/1/4 3538/24/4
f 3541/4/4 3542/24/4 3543/22/4
f 3541/4/4 3544/1/4 3542/24/4
f 3545/4/3 3546/24/3 3547/22/3
f 3545/4/3 3548/1/3 3546/24/3
f 3549/4/3 3550/24/3 3551/22/3
f 3549/4/3 3552/1/3 3550/24/3
f 3553/20/3 3554/3/3 3555/2/3
f 3553/20/3 3556/19/3 3554/3/3
f 3557/4/4 3558/24/4 3559/22/4
f 3557/4/4 3560/1/4 3558/24/4
f 3561/20/3 3562/3/3 3563/2/3
f 3561/20/3 3564/19/3 3562/3/3
f 3565/4/4 3566/24/4 3567/22/4
f 3565/4/4 3568/1/4 3566/24/4
f 3569/4/3 3570/24/3 3571/22/3
f 3569/4/3 3572/1/3 3570/24/3
f 3573/4/4 3574/24/4 3575/22/4
f 3573/4/4 3576/1/4 3574/24/4
f 3577/2/3 3578/19/3 3579/3/3
f 3577/2/3 3580/20/3 3578/19/3
f 3581/4/4 3582/24/4 3583/22/4
f 3581/4/4 3584/1/4 3582/24/4
f 3585/4/3 3586/24/3 3587/22/3
f 3585/4/3 3588/1/3 3586/24/3
f 3589/4/4 3590/24/4 3591/22/4
f 3589/4/4 3592/1/4 3590/24/4
f 3593/4/3 3594/24/3 3595/22/3
f 3593/4/3 3596/1/3 3594/24/3
f 3597/4/4 3598/24/4 3599/22/4
f 3597/4/4 3600/1/4 3598/24/4
f 3601/22/4 3602/23/4 3603/4/4
f 3601/22/4 3604/21/4 3602/23/4
f 3605/22/4 3606/23/4 3607/4/4
f 3605/22/4 3608/21/4 3606/23/4
f 3609/25/3 3610/4/3 3611/23/3
f 3609/25/3 3612/2/3 3610/4/3
f 3613/25/3 3614/4/3 3615/23/3
f 3613/25/3 3616/2/3 3614/4/3
f 3617/4/3 3618/24/3 3619/22/3
f 3617/4/3 3620/1/3 3618/24/3
f 3621/4/4 3622/24/4 3623/22/4
f 3621/4/4 3624/1/4 3622/24/4
f 3625/4/3 3626/24/3 3627/22/3
f 3625/4/3 3628/1/3 3626/24/3
f 3629/3/3 3630/20/3 3631/19/3
f 3629/3/3 3632/2/3 3630/20/3
f 3633/4/4 3634/24/4 3635/22/4
f 3633/4/4 3636/1/4 3634/24/4
f 3637/1/4 3638/22/4 3639/4/4
f 3637/1/4 3640/24/4 3638/22/4
f 3641/4/3 3642/24/3 3643/22/3
f 3641/4/3 3644/1/3 3642/24/3
f 3645/4/4 3646/24/4 3647/22/4
f 3645/4/4 3648/1/4 3646/24/4
f 3649/25/3 3650/4/3 3651/23/3
f 3649/25/3 3652/2/3 3650/4/3
f 3653/22/4 3654/23/4 3655/4/4
f 3653/22/4 3656/21/4 3654/23/4
f 3657/25/3 3658/4/3 3659/23/3
f 3657/25/3 3660/2/3 3658/4/3
f 3661/22/4 3662/23/4 3663/4/4
f 3661/22/4 3664/21/4 3662/23/4
f 3665/20/3 3666/3/3 3667/2/3
f 3665/20/3 3668/19/3 3666/3/3
f 3669/4/4 3670/24/4 3671/22/4
f 3669/4/4 3672/1/4 3670/24/4
f 3673/20/3 3674/3/3 3675/2/3
f 3673/20/3 3676/19/3 3674/3/3
f 3677/4/4 3678/24/4 3679/22/4
f 3677/4/4 3680/1/4 3678/24/4
f 3681/20/3 3682/3/3 3683/2/3
f 3681/20/3 3684/19/3 3682/3/3
f 3685/4/4 3686/24/4 3687/22/4
f 3685/4/4 3688/1/4 3686/24/4
f 3689/20/3 3690/3/3 3691/2/3
f 3689/20/3 3692/19/3 3690/3/3
f 3693/4/4 3694/24/4 3695/22/4
f 3693/4/4 3696/1/4 3694/24/4
f 3697/4/3 3698/24/3 3699/22/3
f 3697/4/3 3700/1/3 3698/24/3
f 3701/4/4 3702/24/4 3703/22/4
f 3701/4/4 3704/1/4 3702/24/4
f 3705/2/3 3706/19/3 3707/3/3
f 3705/2/3 3708/20/3 3706/19/3
f 3709/4/4 3710/24/4 3711/22/4
f 3709/4/4 3712/1/4 3710/24/4
f 3713/4/3 3714/24/3 3715/22/3
f 3713/4/3 3716/1/3 3714/24/3
f 3717/4/4 3718/24/4 3719/22/4
f 3717/4/4 3720/1/4 3718/24/4
f 3721/4/3 3722/24/3 3723/22/3
f 3721/4/3 3724/1/3 3722/24/3
f 3725/20/3 3726/3/3 3727/2/3
f 3725/20/3 3728/19/3 3726/3/3
f 3729/4/4 3730/24/4 3731/22/4
f 3729/4/4 3732/1/4 3730/24/4
f 3733/4/4 3734/24/4 3735/22/4
f 3733/4/4 3736/1/4 3734/24/4
f 3737/22/4 3738/23/4 3739/4/4
f 3737/22/4 3740/21/4 3738/23/4
f 3741/25/3 3742/4/3 3743/23/3
f 3741/25/3 3744/2/3 3742/4/3
f 3745/22/4 3746/23/4 3747/4/4
f 3745/22/4 3748/21/4 3746/23/4
f 3749/22/4 3750/23/4 3751/4/4
f 3749/22/4 3752/21/4 3750/23/4
f 3753/25/3 3754/4/3 3755/23/3
f 3753/25/3 3756/2/3 3754/4/3
f 3757/25/3 3758/4/3 3759/23/3
f 3757/25/3 3760/2/3 3758/4/3
f 3761/25/3 3762/4/3 3763/23/3
f 3761/25/3 3764/2/3 3762/4/3
f 3765/22/4 3766/23/4 3767/4/4
f 3765/22/4 3768/21/4 3766/23/4
f 3769/4/4 3770/24/4 3771/22/4
f 3769/4/4 3772/1/4 3770/24/4
f 3773/4/3 3774/24/3 3775/22/3
f 3773/4/3 3776/1/3 3774/24/3
f 3777/4/3 3778/24/3 3779/22/3
f 3777/4/3 3780/1/3 3778/24/3
f 3781/4/3 3782/24/3 3783/22/3
f 3781/4/3 3784/1/3 3782/24/3
f 3785/4/4 3786/24/4 3787/22/4
f 3785/4/4 3788/1/4 3786/24/4
f 3789/4/4 3790/24/4 3791/22/4
f 3789/4/4 3792/1/4 3790/24/4
f 3793/4/3 3794/24/3 3795/22/3
f 3793/4/3 3796/1/3 3794/24/3
f 3797/3/3 3798/20/3 3799/19/3
f 3797/3/3 3800/2/3 3798/20/3
f 3801/4/4 3802/24/4 3803/22/4
f 3801/4/4 3804/1/4 3802/24/4
f 3805/1/4 3806/22/4 3807/4/4
f 3805/1/4 3808/24/4 3806/22/4
f 3809/4/3 3810/24/3 3811/22/3
f 3809/4/3 3812/1/3 3810/24/3
f 3813/4/3 3814/24/3 3815/22/3
f 3813/4/3 3816/1/3 3814/24/3
f 3817/4/4 3818/24/4 3819/22/4
f 3817/4/4 3820/1/4 3818/24/4
f 3821/4/4 3822/24/4 3823/22/4
f 3821/4/4 3824/1/4 3822/24/4
f 3825/4/4 3826/24/4 3827/22/4
f 3825/4/4 3828/1/4 3826/24/4
f 3829/4/4 3830/24/4 3831/22/4
f 3829/4/4 3832/1/4 3830/24/4
f 3833/4/3 3834/24/3 3835/22/3
f 3833/4/3 3836/1/3 3834/24/3
f 3837/4/3 3838/24/3 3839/22/3
f 3837/4/3 3840/1/3 3838/24/3
